Job Title,Company,Location,Posted Time,Salary,URL,Job Description
Ing??nieur ou ing??nieure princ. ,TD,"Toronto, ON (Hybrid)","Posted on January 23, 2026, 2:41 AM
22 hours ago",,https://www.linkedin.com/redir/redirect/?url=https%3A%2F%2Ftd%2Ewd3%2Emyworkdayjobs%2Ecom%2Ffr-CA%2FTD_Bank_Careers%2Fjob%2FToronto-Ontario%2FSenior-AI-ML-Engineer_R_1468417-1&urlhash=OVr9&isSdui=true,
"Directeur principal, Directeur, Analyses avanc??es ",TD,"Toronto, ON (Hybrid)","Posted on January 23, 2026, 8:40 PM
4 hours ago",,https://www.linkedin.com/redir/redirect/?url=https%3A%2F%2Ftd%2Ewd3%2Emyworkdayjobs%2Ecom%2Ffr-CA%2FTD_Bank_Careers%2Fjob%2FToronto-Ontario%2FSenior-Manager--Advanced-Analytics_R_1430073-1&urlhash=g9g1&isSdui=true,
"Manager, Collections Analytics and Forecasting (Bilingual English/Spanish) ",Scotiabank,"Toronto, ON (On-site)","Posted on January 23, 2026, 9:02 PM
4 hours ago",,https://www.linkedin.com/redir/redirect/?url=https%3A%2F%2Fjobs%2Escotiabank%2Ecom%2Fjob%2FToronto-Manager%252C-Collections-Analytics-and-Forecasting-%2528Bilingual-EnglishSpanish%2529-ON-M5H1B6%2F599216517%2F%3FfeedId%3D354060%26utm_source%3DLinkedInJobPostings%26utm_campaign%3DScotiaBank_Linkedin&urlhash=jo1Z&isSdui=true,
Python AI Developer ,Insight Global,"Toronto, ON (Hybrid)","Posted on January 23, 2026, 2:46 PM
10 hours ago",,https://www.linkedin.com/jobs/view/4321055936/apply/?openSDUIApplyFlow=true&refId=24OlGCky3tebvfG%2FK%2F%2BH3w%3D%3D&trackingId=sqq16h%2BASlafYYeEPSbagA%3D%3D&eBP=CwEAAAGb7rBaYKyn-3UJaLfFHGxYbeX9t9_S7SXi9umZpZ5siOo63WNe4qx1TWPlyrzjBHaAOQma0oqdzMwXZYDSOrzpKCDrnekVDTCX6KL7exFPaBzVO4Tv6u3yRgoghly42OmjfHLZX2LD8jzwRQ4hl3FC4qii6QN6Ch82moLnaYc5PUR4jqBW3TNDQTI8gJZn4Swo99KAdgTZI5_W7xPqlkxwRhgwyxC_h1Dx8wdj71h5P0DsQscACq06bNYvGTiosgho7FujPeP3E3s-99vY-QE9lYWHC904zUSDf44k97zdR3LbCmd-XhhwwR7XdCneaKtD-soVkbXKKlBVm_YLJEn3HnsCyzXCNXKNHBCRqQE7NND7MAFeQwQLsk9vgDPuWQcrGD39tQaHaC20jfw6cHJj1FyLXi3x8irTFzW7PQzPktArd6Okwu8gpZ_1uklGDWsec--hjupoJ9MfcADdV5PJeX_epxFEpJig_JbjPj9olF0JormqYjF-H8F4-eUDUwg4IrA_YAauulR9FC-kQg32WMLishCkS94KiA,
Data Scientist,TekStaff IT Solutions,"Toronto, ON (Hybrid)","Posted on January 23, 2026, 11:44 AM
13 hours ago",,https://www.linkedin.com/jobs/view/4365532133/apply/?openSDUIApplyFlow=true&refId=24OlGCky3tebvfG%2FK%2F%2BH3w%3D%3D&trackingId=wyA0s%2FDwaqt9uX6kJ05GdQ%3D%3D&eBP=CwEAAAGb7rBaYOyqEeAPv42aBg623ogP-s7fxsGBuV922lYTvNA19Twae8oaNtPaOWWYO-gcCXlDTh-j0Erw0g2VxQUTO_gVH_Q24KbSJ5mmzLvrvoZHwCNF31hOnWxSOoj9JkowafLE3xiJ3YP6XfpbbJVZPU4b51vc3gFOW-THIk-XCZ5NQ_Key918sfKnp2Vr86_l66KcgkxFK1KgpleReAAZpNLQTRR-KY58ku_Vac5V5NrW6nOxAnY66rMpfJ4T3iyQx4-fpNQ8Gx1jqleeVb2dumJKtyXUQFzGO8hFoomb4f-k8t6XKf6IEwHGVM0zWo7jZpvzVXZEvf3A2BeCOUbuGGfmoW-dgQNDaNPBOs5j9CNaF-3loPKcbEPhBiFtrX-mCppYHeqwfDIJReiJhIWRrgf205RHQctbIhnmjRVH-ZIq7fPM3cuBA9v1EZK6thqK_rRTGI8YhDEZ6Cujg9sRTU8PmYQG7zGVFQB9m7FJzI-UsntD6IKHZPIz05RQn8HRGL7TkyWeaQrN_iCKdB1MAEgdluZb9DLXmg,
Senior Data & Fraud Operations Analyst,Chexy,"Toronto, ON (Hybrid)","Posted on January 23, 2026, 10:27 AM
15 hours ago",,https://www.linkedin.com/jobs/view/4365521399/apply/?openSDUIApplyFlow=true&refId=24OlGCky3tebvfG%2FK%2F%2BH3w%3D%3D&trackingId=Eg56ZkgS7DA3AE23xmTSSA%3D%3D&eBP=CwEAAAGb7rBaYKzmVMsKJ83bAPSKCWdZ4I-sZ-YIXrZwoQSoehGrjErpPL3H5hVxUX1ZVa2s0rCF0HcTy9c9cJwRpsxximU-UKic1IUJ8PdgASB_eYyIjqMMnM1eNXVAYXXKU-OCrZ2Y9_qlSS623BBOG-LRafh7x-22LikTgjYFRezcStBQBpipcr5AMo7r-auCiXWrBgIxdb1EkiOmm91756zT9W5ZshPBhU8Uz-WNViCQnQwifdYRE88TyiAxaxxrR70VwXdCtkLRWfxYghfQ_dnz5On5dTRdQRL9U4F1ogYhG0uodoocR_6qQfRAyDkGZcQGJ6ULa_g--efhmf83uNJovi3efRkS7lKPya-dcxGui_RvkZyYh3p-vrG6X6CWW5uSSCg1oYcMBLAclhObIXW-9weP2TDSFpnGsoxF7neGN5c_NGXsYLXpVVCTaJaRkEJZHm1clvqciazV7nSwzWU67u3u_rX7MfBSbhiimiCrw7NlG4_JUzPXa8ImkegHospr-z55fGA3AHQv-PReaah8gM2HDejLH7INcEMtoNsbBOpF3FffARoehmo,
Perception Engineer,Trajekt Sports,"Toronto, ON (On-site)","Posted on January 23, 2026, 10:03 AM
15 hours ago",,https://www.linkedin.com/jobs/view/4365210081/apply/?openSDUIApplyFlow=true&refId=24OlGCky3tebvfG%2FK%2F%2BH3w%3D%3D&trackingId=ebjMwuIEABFYYN5IOQmkTQ%3D%3D&eBP=CwEAAAGb7rBaYMiI6Sejjw32mVI78CBaWS6J2CXP2VbEsNYu4hJVWfwAGjPP4xxEs8_qiudewgwleHVk6tUWoq2UJ0RT_LT93senwN2EKPknmTmRjiGVhPjE1dSDvCQ-kM3DsP227FlRiu_iVSEwtkdm9YD5a-W_AyjLre8BULoJABI1_TyZzUdkXJi4z0tMn0RjQbLt0YOj2NyIrLJuPx8LXO03gofQwFIKaI21Tfwg8fblNm28kOJ5V6OfJLJ8KROovF__mXha7UEsVT4CeFrhzj-dcx546_IoJKfolcO0ZwQ7XR6BmZp_sSAbpgFK79jcm9Tb0D6KxLqxhoTEWXk15qJ9fCbkMbdenooBZ5R6Y95Y_H41xHWN18npZ4NWtriNSM7KJUO93lrpPPZMcNqgn2d1uITZ3kv1Gi1kZugVGlim01GSG8h35Y8G76yCGMltce-kG8Ny51cRBtC0EqLNGuLjIUBAX1cJpdcKowEJteB-1MER1qwi3Yhff69TioIRtraVOpOfnm5ABJhHIsmmH-_YgqVPq9o62CA_xInqfYK3R1Oop79CHohIR3o,
Data Engineer - ML,Galent,"Toronto, ON (Hybrid)","Posted on January 23, 2026, 3:17 PM
10 hours ago",,https://www.linkedin.com/jobs/view/4355530628/apply/?openSDUIApplyFlow=true&refId=24OlGCky3tebvfG%2FK%2F%2BH3w%3D%3D&trackingId=oi0gbvapioURBaJiyeQfEg%3D%3D&eBP=CwEAAAGb7rBaYFlvq9XoEfTpzUcWrjlsMm_YlETiiPLBqt6nMg0ORRYF2atXoGubFcxwvcTts0dL2MK4Kcr_QhNZ4w6q1WtUBrT3vDKtXamUu8GDWmHZ_jAlS5OD6gS2XztQj2qESa5KqE93DkC1YG4Jwn9wJMJUE9QFtFIJSEtQO8IfYC01l9npJwwyLvzGGC8DFukhm6KW8U_vWP_2YEzzZzF1t_MV0nn-sLeQnAfsRru46XmhXUkwoqndoOQjnqfYQ42tSQ6VMiKDYgFsOLQAvq22P9ar7ef9uRh28f7IZKsA_579tDPlO1JfvK115IQ5fyhPRRILSnm_pvBXXyOojfBQOob-wgwZI4LawFVhWR_Xs1cSaaZIL_ov13e_Yr9RogZ7dYCcIyDrIhgRY91uKg7pkt_O3ok24FgRIcLB4k11lNOJ3l_MwO_YNQQX8hnUBsLR68f9sZPenaO4olMAnjaFrorWVdjiF0hVP1y4gzHigNE9LQcUxC3Ey2sb4GDiII_zx32r5ZDYFvhkqRg4Xp2Ntr4GP-mjXEImGgo4,
Associate Data Scientist - GenAI ,Manulife,"Toronto, ON (Hybrid)","Posted on January 23, 2026, 11:03 PM
2 hours ago",,https://www.linkedin.com/redir/redirect/?url=https%3A%2F%2Fcareers%2Emanulife%2Ecom%2Fglobal%2Fen%2Fjob%2FMFZMFIUSJR25120038EXTERNALENGLOBAL%2FAssociate-Data-Scientist-GenAI%3Futm_source%3Dlinkedin%26utm_medium%3Dphenom-feeds&urlhash=nJ78&isSdui=true,
Data Scientist ,Agilus Work Solutions,"Toronto, ON (Hybrid)","Posted on January 23, 2026, 2:43 PM
10 hours ago",,https://www.linkedin.com/jobs/view/4321381815/apply/?openSDUIApplyFlow=true&refId=24OlGCky3tebvfG%2FK%2F%2BH3w%3D%3D&trackingId=xwfAjI4H7bUe%2BH7iuEd%2BUw%3D%3D&eBP=CwEAAAGb7rBaYWJS9EZB-VrIk5sgCUQPCWvBtN73nV369TetDO0YLrkmmzd0jkavgg4S_owYiL-Zd6dl8ssA4bVsWFf-NzZyNjaIq4eJly-j02KHdJG_umeV_BN2uckiZ54rBYQKw7561p-Qn_p_9uC_wYsgsxQlLEpgrq1OS_ZCjCC6u2k7syLgmyk_crvZ0wblteF16RLARE9-sRIRZ81RvXWZmLHezixXshPxkCVVbPh9VR47fIrPAaAxPq5CZcNeRQFESe5B4JQYppUXqbchdDuaG2tUgOE3wy73rVbwrgPYwPP-ASKS6p9dW2t5huc-c-Ik-zoLIXbZ1BO9QzaF7wRHzKcKOFVW5rQ2A4w0z7Dv0Wc5f2EthLwpINm-ksNetgbMQObCwpG8YNoE3gjApeLD1VqFjzHXWfqhBdxBtKkfzv5g5XR7twBpY-byH4sgch_9_EqelCiwKKKezBL4MHQPpIPEvd2zaGlkr4GUmn17k-fMhuT_IEpllt4EqF39q83h1IMKf1xHloJktK-RC3jbNsvKgc1qxUBjx2Pd,
Machine Learning Architect (AWS) - Canada ,RACKSPACE,"Toronto, ON (Remote)","Posted on January 23, 2026, 11:14 PM
2 hours ago",,https://www.linkedin.com/jobs/view/4321384181/apply/?openSDUIApplyFlow=true&refId=24OlGCky3tebvfG%2FK%2F%2BH3w%3D%3D&trackingId=qZzSfkdyAFPRXEvPvNVc5Q%3D%3D&eBP=CwEAAAGb7rBaYQ-ucedtSkAHpzBk_EUe8x9EFJ1Cl_ZA7y1ymDBLrAYP4iSth7wVtL9nYH4Yoy41jT_zhj9DC_kZXiEL6HFw8ByZtd60vnsaHv5akwGq6m_N6DB7a2jZgI--jWk4f57LiOYUzxJvb5RFcKZJVauBIUcxGP41BVufgb42dbEiGbU1dwC7PjrU26UCHkA9zcDr3_e5PZVf2RDPewddf70Kb0PM24wHAYY7yxg3dHKEej3OKwgR8UZ_lObunkFQjS0nuTeopnMhT3uMoLzKM1BD8D6hoqwqs2HR4Q0eJ3HC7hJOXL2MnuEcaxSRSGxGQdQIz0nFFrAYbdT_sxRyq_bhHQ1SkgH0X7XIHdM-u80DygIkONRvHK4xSbFKyR_4Bnj5ie4e7B-TSnTsJ0ihp9eUFbKPhLxuNnVvtH6NNk7x7XaRDcFDuk7D5ReqLFApaXxDgnNn5HMWHsp1WelYi29e5VHeZfFgLfBckkwfd7TlRmQTP5VNkgye4syPCC8-kbiu8rbD6TbFFp4cu4oGcr8ZKu-0LQWEAylf,
" Data Analyst - Python, AI, RAG, LLM",FP Inc.,"Toronto, ON (Hybrid)","Posted on January 23, 2026, 4:22 PM
9 hours ago",,https://www.linkedin.com/redir/redirect/?url=https%3A%2F%2Fwelovealfa%2Ecom%2Fjob%2Fa9a0f8e1-5f9f-4eb8-9da1-afc9689920da&urlhash=Mp9o&isSdui=true,
Data Scientist ,"LanceSoft, Inc.","Toronto, ON (Hybrid)","Posted on January 23, 2026, 12:22 PM
13 hours ago",,https://www.linkedin.com/jobs/view/4363414565/apply/?openSDUIApplyFlow=true&refId=24OlGCky3tebvfG%2FK%2F%2BH3w%3D%3D&trackingId=jeqFlF%2BzBnPhLJT9ShkOAw%3D%3D&eBP=CwEAAAGb7rBaYXu22LoGFVzVSRGjDR5O8XGK0l5noy02YE9o5K1MITfDWlWH1DiO4otaRiXIaxYnmaTx-x8zlyj_58wwwlkrAew_lQX4sC9n3XPdqStx8FJ-ON7lUoWpKOv5AbVAzWm6dj5O5ay9O36Z7iRljjRv7gxVZj40BPskNIOEWNDsM6c6mYaje8Ctbu_Kvih_JyiddON7HBKxFuqO80mSQ6sQGGBjmrmSn_kdtYFRyjBPBdCr_obWDMqAocNn0DVHGt5DZ6zOnMSMH73Lli53TXYZQPaZ-Ma-SdHlHXIvl-YoQ9e9Yo0bfclhz5FVH61iRdHJl9B1e9X67YL9tGXr86OQcHFT866sbZjgRA_cnb1hPgsXyJja5WAwPGh1NlJMrfqoeBb1MVfmLj-EIVSS4bMSUF8lwhZRlSDGqTTNeL_z75TolpRZ4RNEYfaDrYIUbE7AD5ITJUTfBae6BqWaanXSSGLq7JbsbEnQ8BPlPCPWdWu6uKdaw_vnTXOZoU_7DQ6HBvPJknd0Btkx70ZrYSxoSuqRLLncYT10oIw,
"Staff Machine Learning Engineer, Generative AI (Auth0) ","Okta, Inc.","Toronto, ON (Remote)","Posted on January 23, 2026, 7:16 AM
18 hours ago",,https://www.linkedin.com/redir/redirect/?url=https%3A%2F%2Fwww%2Eokta%2Ecom%2Fcompany%2Fcareers%2Fopportunity%2F6988479%3Fgh_jid%3D6988479%26gh_src%3D7j0um41&urlhash=4rSN&isSdui=true,
"Senior Data Scientist, Revenue Operations",Purpose Unlimited,"Toronto, ON (Hybrid)","Posted on January 23, 2026, 2:52 PM
10 hours ago",,https://www.linkedin.com/redir/redirect/?url=https%3A%2F%2Fjobs%2Edayforcehcm%2Ecom%2Fen-US%2Fpurposefin%2FPurposeUnlimited%2Fjobs%2F1509&urlhash=Hfwe&isSdui=true,
Senior ML Platform Engineer ,Kobo,"Toronto, ON (On-site)","Posted on January 23, 2026, 7:45 AM
17 hours ago",,https://www.linkedin.com/redir/redirect/?url=https%3A%2F%2Frakuten%2Ewd1%2Emyworkdayjobs%2Ecom%2FKobo%2Fjob%2FToronto-Canada%2FSenior-Machine-Learning-Engineer_1030578%3Fsource%3DLinkedIn&urlhash=p764&isSdui=true,
Machine Learning Engineer Intern , MULTIVERSE COMPUTING SL.,"Toronto, ON (Hybrid)","Posted on January 23, 2026, 4:53 AM
20 hours ago",,https://www.linkedin.com/redir/redirect/?url=https%3A%2F%2Fmultiversecomputing%2Eteamtailor%2Ecom%2Fjobs%2F6292402-machine-learning-engineer-intern%3Futm_source%3DLinkedIn&urlhash=hXvQ&isSdui=true,
Senior ML Performance Engineer,Lemurian Labs,"Toronto, ON (Hybrid)","Posted on January 23, 2026, 11:22 PM
2 hours ago",,https://www.linkedin.com/jobs/view/4365637598/apply/?openSDUIApplyFlow=true&refId=24OlGCky3tebvfG%2FK%2F%2BH3w%3D%3D&trackingId=ZRuAkY6rv9atJVGX4Yc3Mw%3D%3D&eBP=CwEAAAGb7rBaYYXu_LGVA0IfLko4KLom_IzbcrbLUtsANV4Pbg3KmuzCMyOuVjtZ8BiQKG1hvzB0Rx72hIlcCmmquSPvbsMp6zD2Z7q44uoVM5vgv8S1tyi7eNDhSYL7pwvRXpDi_80bAR0JOu4fHEbR7O8P4j1HpBDl3c-Mm4QLo5-aF6xZIWtdCW52S1vY-vHJzBX5rl6hx7sj489eTBtXV8-n_V9JkxWyaegEX7Jcg5wAekDJptqy4twpKv6RQVOj3PDxjdYqqUpzUxEN7KwaZF3kTaFjn7EGKMpLUYRozuYCayhJzbK4ii3k7tO_pjlONxCnyo9kbDd1pmtAA71KTeWqhwXXuhzY2bKaUtepmHAXwTNK7lnNKphUrdqgU_xr6Pr1lXQlinc7_7MlYhsk89ry8fGHYxa6LL7UhylsWLj9nFd4p_KJdHHTZmV9uGHy3Qsmd5Oa-2WJ7KOY96sCjv7zfQ2-2jyvh8948_ds_YUj6FLlDsxrVQsi3ZxqbbNYJrqAtvgxmL5CuNwH-qpEbLtZcSH5U24rwldNbn91,
Senior Data Scientist - GenAI ,Manulife,"Toronto, ON (Hybrid)","Posted on January 23, 2026, 11:03 PM
2 hours ago",,https://www.linkedin.com/redir/redirect/?url=https%3A%2F%2Fcareers%2Emanulife%2Ecom%2Fglobal%2Fen%2Fjob%2FMFZMFIUSJR25120039EXTERNALENGLOBAL%2FSenior-Data-Scientist-GenAI%3Futm_source%3Dlinkedin%26utm_medium%3Dphenom-feeds&urlhash=bhG1&isSdui=true,
Staff Machine Learning Engineer ,Tubi,"Toronto, ON (Hybrid)","Posted on January 23, 2026, 6:01 AM
19 hours ago",,https://www.linkedin.com/redir/redirect/?url=https%3A%2F%2Fjob-boards%2Egreenhouse%2Eio%2Ftubitv%2Fjobs%2F7409104&urlhash=51II&isSdui=true,
Senior Machine Learning Engineer ,Tubi,"Toronto, ON (Hybrid)","Posted on January 23, 2026, 6:01 AM
19 hours ago",,https://www.linkedin.com/redir/redirect/?url=https%3A%2F%2Fjob-boards%2Egreenhouse%2Eio%2Ftubitv%2Fjobs%2F7409142&urlhash=GNp8&isSdui=true,
"Member of Technical Staff, Modeling",Boson AI,"Toronto, ON (On-site)","Posted on January 23, 2026, 5:43 AM
19 hours ago",,https://www.linkedin.com/jobs/view/4266777240/apply/?openSDUIApplyFlow=true&refId=24OlGCky3tebvfG%2FK%2F%2BH3w%3D%3D&trackingId=pzQ4iftoVLGmC3pgz9BUNg%3D%3D&eBP=CwEAAAGb7rBaYZl30bQqKCwddi8bPhdwqoFAl8eXCsIMxQKRrCfl8l2gJAx72gKhQr6yaZkmoSZnyqNvKN10AXy7G0XuRYr8v1JUfaaKxBc3SU-Dl_l2LbNhWNDL424W-86J0QswyFYRN-wA_tS4B8ahsomgdJNpFXLncRhOyoXs6lpsBoTdIqt7CrkVvI1Idv1olZZLMUTRDEjjZoJtSDpCh9atO_YDfFf7eLviUWIwnpz1Lmw7SLpJ4bpeVDTsoLit0D8Zdj3nNgiOwyVIF894F2pPbRVLdW5Bh9Msp3va644TSYZtTjUOJLLw5A_LvWSbSdek0u76qPIdjI3j70rc9GdwIah0OEv62ig1Rb15d7T6yE2OvGnsC4uTikRPtb2IrlOc-3ul4qul_18rc9oUohJR1wE1RIIo795kiglimT5P3yMFUFYYn-alWDdue8-QPHDgeVIJfbrp31O1GBqyDdh-812qZ7z2FZjmRK8d1Wk1uZY_N6Vw-QS7ILJXm_rJl7hmll8xjTAJPpmHnXEi0rTjelpam7iMHN_NxCh0bz4,
Compiler Code Gen Engineer,Lemurian Labs,"Toronto, ON (Hybrid)","Posted on January 23, 2026, 11:22 PM
2 hours ago",,https://www.linkedin.com/jobs/view/4365643475/apply/?openSDUIApplyFlow=true&refId=24OlGCky3tebvfG%2FK%2F%2BH3w%3D%3D&trackingId=HNZU%2BWfrjoWlIFA93kJ3Ig%3D%3D&eBP=CwEAAAGb7rBaYRGrQhftgUyh_LT8dI1icmSozpJ6rKTaKpZ4GqSwPRub1cN5HdgCs-tP4f-pcdFkQrMMNtAM5p__WvBE0oEzRFWVHcXK6h9TWDHccKW7uX3-I6FtdMZwAZY7KWc7uReNtGN-DTr6-GCVqxxhyVusDaI85FDNgXweIKWe_n1xJgCkm0yKKqXceNmYdrmROk5x-vmoCkKeY2u2gv-8NYn_DOh9akz7gUPbxCOZKG8FqqUlFXc9Xxo3I1BM-z5MWsibjb2Yxj8OM-FMKw_h8b9lRQeZGujFx43Pw7U_R09G4lRPmT_mbIOvRzbvBVVpXOyX2dyDo57x31nvuIlvcANHKn7LFSXndVutmuW_6woMPwjGYbOxTPajeRqUU6SqneB9H_zpth4VHfARi1-6DIjpcrlLCTww5n7lceZ7vXcXDHPd3am5RFs9tntD4QKjJ6fhJyk6k5URolH69TYyS8HDpwhu3wAG0ro91EQOLy4cOEK-I7IejSw1QWYaaFqSaRMDb6PzgyREOTcJj5YYlm3pqfY5mrhKXhUWHBw,
Deep Learning Researcher Intern - Model Optimization ,STMicroelectronics,"Toronto, ON (On-site)","Posted on January 23, 2026, 6:09 AM
19 hours ago",,https://www.linkedin.com/redir/redirect/?url=https%3A%2F%2Fstmicroelectronics%2Eeightfold%2Eai%2Fcareers%2Fjob%2F563637169997992%3Futm_source%3Dlinkedin%26domain%3Dstmicroelectronics%2Ecom&urlhash=juDM&isSdui=true,
ModiFace - Senior MLOps Engineer (Contract),L'Or??al,"Toronto, ON (Hybrid)","Posted on January 23, 2026, 4:09 PM
9 hours ago",,https://www.linkedin.com/redir/redirect/?url=https%3A%2F%2Floa%2Eavature%2Enet%2Fcareers%2FJobDetail%2F231465%3Fsrc%3DLinkedIn&urlhash=lXGH&isSdui=true,
"Dir., Analyses avanc??es (Analyses quant.) ",TD,"Toronto, ON (Hybrid)","Posted on January 23, 2026, 8:40 PM
4 hours ago",,https://www.linkedin.com/redir/redirect/?url=https%3A%2F%2Ftd%2Ewd3%2Emyworkdayjobs%2Ecom%2Ffr-CA%2FTD_Bank_Careers%2Fjob%2FToronto-Ontario%2FManager--Advanced-Analytic---Trading-Surveillance_R_1451147&urlhash=tqLm&isSdui=true,
"Manager, Advanced Analytics ",TD,"Toronto, ON (Hybrid)","Posted on January 23, 2026, 9:41 PM
3 hours ago",,https://www.linkedin.com/redir/redirect/?url=https%3A%2F%2Ftd%2Ewd3%2Emyworkdayjobs%2Ecom%2FTD_Bank_Careers%2Fjob%2FToronto-Ontario%2FManager--Advanced-Analytics_R_1451145%3Fsource%3DLinkedIn&urlhash=dIWk&isSdui=true,
Machine Learning Intern Fall 2026 (Toronto) ,Pinterest,"Toronto, ON (Hybrid)","Posted on January 23, 2026, 8:42 PM
4 hours ago",,https://www.linkedin.com/redir/redirect/?url=https%3A%2F%2Fwww%2Epinterestcareers%2Ecom%2Fjobs%2F7268778%2Fmachine-learning-intern-fall-2026-toronto%2F%3Fsource%3Dlinkedin_limited_listing%26utm_source%3Dlinkedin_limited_listing&urlhash=BIAY&isSdui=true,
"Senior Staff Machine Learning Engineer, (ML Underwriting) ",Affirm,"Toronto, ON (Remote)","Posted on January 23, 2026, 5:16 AM
20 hours ago",,https://www.linkedin.com/redir/redirect/?url=https%3A%2F%2Fjob-boards%2Egreenhouse%2Eio%2Faffirm%2Fjobs%2F7550524003%3Fgh_src%3D689c81d53us&urlhash=HDqU&isSdui=true,
AI/ML Engineer II- Intelligence Accelerator ,"Okta, Inc.","Toronto, ON (Hybrid)","Posted on January 23, 2026, 7:15 AM
18 hours ago",,https://www.linkedin.com/redir/redirect/?url=https%3A%2F%2Fwww%2Eokta%2Ecom%2Fcompany%2Fcareers%2Fopportunity%2F7435092%3Fgh_jid%3D7435092%26gh_src%3D7j0um41&urlhash=ZDoD&isSdui=true,
"Senior Software Developer 2, Artificial Intelligence ",D2L,"Toronto, ON","Posted on January 23, 2026, 5:04 AM
20 hours ago",,https://www.linkedin.com/redir/redirect/?url=https%3A%2F%2Fwww%2Ed2l%2Ecom%2Fcareers%2Fjobs%2F%3Fjob_id%3D6911941%26gh_jid%3D6911941%26gh_src%3DLinkedIn&urlhash=Z0id&isSdui=true,
"Applied Scientist, Off-Search Relevance, Sponsored Products ",Amazon,"Toronto, ON","Posted on January 23, 2026, 3:27 AM
22 hours ago",,https://www.linkedin.com/redir/redirect/?url=https%3A%2F%2Fwww%2Eamazon%2Ejobs%2Fjobs%2F3165167%2Fapplied-scientist-offsearch-relevance-sponsored-products%3Fcmpid%3DSPLICX0248M%26utm_source%3Dlinkedin%2Ecom%26utm_campaign%3Dcxro%26utm_medium%3Dsocial_media%26utm_content%3Djob_posting%26ss%3Dpaid&urlhash=vBFh&isSdui=true,
"Data Science??Intern,??Global Data & Analytics ",Couche-Tard Inc.,"Scarborough, ON","Posted on January 23, 2026, 7:56 PM
5 hours ago",,https://www.linkedin.com/jobs/view/4321343327/apply/?openSDUIApplyFlow=true&refId=MB%2FdxI9LwSsDu77uSHdVnQ%3D%3D&trackingId=2tyyUn%2BGSwtE0eVnUN36pw%3D%3D&eBP=CwEAAAGb7rDAcp-n5NYBmymnVUfP81uSaKmuAiS4ERRkbjc8nQqQjzgvMGqLEV0NoIQSapyq7CFwkP9iULUHijphROJKoLW20yNqs6urKHk9xIXgdCnfhX6-zthdEhrlA0i2-L08ZloZuMVAsIGeBRxAASG0sRsHd20Brrn8rjqFVoqbeke1DUkDyHR4NQY-kk6GQVGpfLlwyL7jclxLqkSIBmr3YFghdFoikdO2VxrXJrQqh16oLdLsAE_xR7MmeA3X-zgHjx9TH-N3CwZ_EDbpL7_bBXDzMcp5qVm-9hRAiTjzA7dMd9d4Hh7N9k0X_6R2A1ogjp2Cel3pAkhgZ8asN06I7vsy_pPnPYtLOJNpBL1b6U3bXypcoA9qJe_pNYZUI0Pli1DdMZ_qfLOpN1l7EY_2YtrXunAk9osX0CQeCd7fks2Oki40QiUQxxcYV8mpTv-PUYBJfhs9qRPpwjJNGYKz3HDyCwsQn75yTTxAeoUrBAoC-ceUAvWRq1AvrUEInRATAMi9qi0mt0CaUjfYsSoHG0X4zYgRYQIXz-Re,
Sr. AI Integration Engineer ,Viral Nation,"Toronto, ON (Hybrid)","Posted on January 23, 2026, 6:39 AM
18 hours ago",,https://www.linkedin.com/redir/redirect/?url=https%3A%2F%2Fjob-boards%2Egreenhouse%2Eio%2Fviralnation%2Fjobs%2F4963156007&urlhash=g4ye&isSdui=true,
Machine Learning Engineer I - B3617 ,TD Securities,"Toronto, ON (On-site)","Posted on January 23, 2026, 3:28 PM
9 hours ago",,https://www.linkedin.com/redir/redirect/?url=https%3A%2F%2Ftd%2Ewd3%2Emyworkdayjobs%2Ecom%2Fen-US%2FTD_Bank_Careers%2Fjob%2FToronto-Ontario%2FMachine-Learning-Engineer-I_R_1465384%3Fsource%3DLinkedIn&urlhash=PZe3&isSdui=true,
Runtime Engineer,Lemurian Labs,"Toronto, ON (Hybrid)","Posted on January 23, 2026, 11:22 PM
2 hours ago",,https://www.linkedin.com/jobs/view/4365633744/apply/?openSDUIApplyFlow=true&refId=MB%2FdxI9LwSsDu77uSHdVnQ%3D%3D&trackingId=gCXn%2B6hmFhcK7kc3V5Az8g%3D%3D&eBP=CwEAAAGb7rDAcjBZNk-rGpzgMe_AMxvDF4fqaXFkxZ2KjHEfu5uw6huu_l7RGcQnf1ifB9RaFF9isJF9Skpew4UYC5qJDBgRLt0mEZzIw6uN-2MeSKbAtAY-3Pt9okC3XzJhCSufAtDRhUMoxjXUEwFIapncOvwmziLk6PlOtudhHOaoO6Qc_MFvTJyCscy65XnaTG13vraAjGt76TrjEMrPPF8lT4znoBmZBSy0HD1Q3RWqpi9x_qXBcBOAZSQ57mug2IwPPpYpoFr3TGSETUhZs8y3O6g0io_EypOBLrnCpZgbe6-A4ZBZvnSlnlb_ubuNb08iTEyvKlbPkgBZ3gezZCTU0QDBHXEJg2PPkVy5S2Omv5P3Unf9d1eTLRBCXioOp9OIiU2jvVWWljJP3JaCFS3RaADlcpa9TXChEWNeT7pYQG8PrsH1W-j8x7y7yiFuF4cbTWGLJKq1_JboVJLXzEUoCUUgp6ByYejwss2WBkRaVP7OOsJUQ62eEmf_mJTG4EYykyQDxVBBaXVYWl-idBmu3NACpHv80kksBg,
Senior Machine Learning Engineer (Recommendations) ,"Scribd, Inc.","Toronto, ON (Hybrid)","Posted on January 23, 2026, 5:00 AM
20 hours ago",,https://www.linkedin.com/redir/redirect/?url=https%3A%2F%2Fjobs%2Eashbyhq%2Ecom%2Fscribd%2F26b33692-607d-4bc3-b0c0-315a10b2f721%2Fapplication%3Futm_source%3DJbD88A8ZW7&urlhash=ae0P&isSdui=true,
"Manager, Data Science (Hybrid) ",Homebase,"Toronto, ON (Hybrid)","Posted on January 23, 2026, 6:51 AM
18 hours ago",,https://www.linkedin.com/redir/redirect/?url=https%3A%2F%2Fjobs%2Eashbyhq%2Ecom%2Fhomebase%2F2b36f1d8-dbf3-41f0-9fbb-bb25f02f42e8%3Futm_source%3Dunique_code%252C%2Be%2Eg%2E%2Butm_source%253DLinkedInPaid&urlhash=f5q7&isSdui=true,
Senior Machine Learning Scientist ,Altis Labs,"Toronto, ON (On-site)","Posted on January 23, 2026, 10:32 AM
14 hours ago",,https://www.linkedin.com/jobs/view/4321360576/apply/?openSDUIApplyFlow=true&refId=MB%2FdxI9LwSsDu77uSHdVnQ%3D%3D&trackingId=ZWYAI3Mc2Z0q%2FHNKb6rzbw%3D%3D&eBP=CwEAAAGb7rDAch9LCA95puxGAPx-SWzWyDwDppz5-bSJUlCHV08fp7mZfywOlqryuTOaD1wvqbq-LDAfPngJQN6TwCfoolFp0F70NdyweEsoDDYO2sJokyShRiyoy7kKsyOjXtAzO_8EEg9ekEWnOJMVhuytC97DptziYGRjzKvymF1Tn5slvCSzY-KIiQ0mhszuj9fpAkV_BEY-efXbbSY1xYHtdeGW3AAb_qr50gO_OQ4D3DKktdZagtrrtP7Y7cyDxiJKlTlidPFQLl05dpRi_4_9DtnMmukVCXOtgaS0sEX-3DEtikafdAb79nP1ujX-KMNWiXhKsLZlKEdQwdnsHgIh3ybW6xQM7tlgCmavLYLEaEpzPc4R3Be4OVsf_11y3FevBOXLZazGRGC_0eqTNoyon-FJF9PfwsYyU7Ulbp5uyxpOg49SFTW2nwwA5qg1JTkozhwdCcA1R9eF5xi0vewbVkQWL7Ps0Rl2DwTnsVuL8UdSXg_p6QCev_gnEWWmRUJkoI4XnUsU7_ddXAOtMkJuD_jSbbKwpho14A,
Sr. Software Engineer - AI,Future Secure AI,"Toronto, ON (Hybrid)","Posted on January 23, 2026, 3:41 PM
9 hours ago",,https://www.linkedin.com/jobs/view/4363475759/apply/?openSDUIApplyFlow=true&refId=MB%2FdxI9LwSsDu77uSHdVnQ%3D%3D&trackingId=XN04AXhS%2BV3qF2Kl2R9tRg%3D%3D&eBP=CwEAAAGb7rDAcnqtBxlv-Q_M0VFlPcGP379nK-TCFPtV_DCnfWIpaTj4tleAwM3gH2oBpKrEE_1jEbB1Anb5FXw4EWAU_1vYYLCmWRIeIEVGh52uGR53WCls3fHEr-94w0-Mcdsnzj8kPWMMKZYQt1Xr4GuwUj6_h55hw0CI1bMm_naQEjP1fG2wuOKgny-GmbO3cTPbia_DJPnNjek3cfd0nqDqpZe-1tdz40snefKQl3DXabyilMlHmVaaFyls02GflfuAzgRBg69kVpYVSbWsh-0xCw2O7YYgTazii20yIQuDfz-wlrzEXsp4ZvgrIp0qWEooxBo_LGpMfoUPeuMckyirgMJIMrOUMjMibh2xwyDj5wdA0fhpvB-JusWw6YlhzwRsb8qe5nciw9zPTY-A3QB5xIaOKOSFi6L1sTbrGpOTWs5lmWBpCDGCtFY1GSXOjPXh7IzMPtme5vR59Aq-Xb-q0TLLQmRAlUEnLNyr2cTjSE2XSjnWKeQ_7aDvy6lPjq6xa2mg0ETsvbDUy1ZdMM_WRG9h3OeBRPT0ow,
AI Solutions Engineer - Co-op/Internship ,Sopra Steria,"Toronto, ON (Hybrid)","Posted on January 23, 2026, 3:25 AM
22 hours ago",,https://www.linkedin.com/jobs/view/4362596201/apply/?openSDUIApplyFlow=true&refId=MB%2FdxI9LwSsDu77uSHdVnQ%3D%3D&trackingId=kRT8DotbZQomY8fPghGszQ%3D%3D&eBP=NOT_ELIGIBLE_FOR_CHARGING,
Data Analyst ,Insight Global,"Toronto, ON (Hybrid)","Posted on January 23, 2026, 4:30 PM
8 hours ago",,https://www.linkedin.com/jobs/view/4363385795/apply/?openSDUIApplyFlow=true&refId=MB%2FdxI9LwSsDu77uSHdVnQ%3D%3D&trackingId=wRGk5ey3imZgJl3yRh4gBw%3D%3D&eBP=CwEAAAGb7rDAcv-nY1iSzyGE57wU05k4U7PsVJgmi1fcXsyT0GRhFFRjJGyifjih84HKdXCLC7LAiYjeafKeG2ElV92nKxPKcGcuT43hfrPjSbMEXn7dpoZGhBeo8UTM1HZW9XNlPeWwwF8MXk9gGPEAkLtHoC3ca7-cNfzf2oqlTYVSV7qfnYGRXQBBl588t9XYXFoT7Tn_Dcm0Ssh_sFbnv3kQjFOWg1M72wTLHW_Lh3DYwgjd1X1x_UKHOK4ovOpM6H6NRprm9Gjg52JWbA8d5wZdEYpTR2UiBZBR0y2BhVhoGm9hbHbIVjAC7mbEFF37NpiggOnlXpv5SeUgWg4MkDNKXrgMflawSSRf8JPQegZtXqAMBYwD69D5nVfet6rqIa7zFcixcv5O1JubEQDHGdEd_zQsNRIgAQVbozOwQ8R_XHw6Nwxv4eYUVMs9pijVALz0WssKoFcz8j2M5Ud-0kD34pvevEPA6q85e5wvbWwr37PnhmhToX-QmgM6jdLJCvPEcDxxBO4zGjqSbcc,
Machine Learning Engineer II - B3617 ,TD Securities,"Toronto, ON (On-site)","Posted on January 23, 2026, 3:28 PM
9 hours ago",,https://www.linkedin.com/redir/redirect/?url=https%3A%2F%2Ftd%2Ewd3%2Emyworkdayjobs%2Ecom%2Fen-US%2FTD_Bank_Careers%2Fjob%2FToronto-Ontario%2FMachine-Learning-Engineer-II_R_1468428%3Fsource%3DLinkedIn&urlhash=Rydj&isSdui=true,
Senior Machine Learning Engineer,Flipp,"Toronto, ON (Remote)","Posted on January 23, 2026, 5:35 PM
7 hours ago",,https://www.linkedin.com/redir/redirect/?url=https%3A%2F%2Fgrnh%2Ese%2Fggnx8rce1us&urlhash=Qybw&isSdui=true,
Staff Data Scientist I ,Mistplay Inc,"Toronto, ON (Hybrid)","Posted on January 24, 2026, 12:16 AM
1 hour ago",,https://www.linkedin.com/jobs/view/4365648234/apply/?openSDUIApplyFlow=true&refId=MB%2FdxI9LwSsDu77uSHdVnQ%3D%3D&trackingId=YpofuezLW%2FbpLwawW3JsJA%3D%3D&eBP=NOT_ELIGIBLE_FOR_CHARGING,
Analyst - AI & Data Transformation ,Deloitte Canada,"Toronto, ON","Posted on January 23, 2026, 3:24 PM
10 hours ago",,https://www.linkedin.com/redir/redirect/?url=https%3A%2F%2Fcareers%2Edeloitte%2Eca%2Fjob%2FToronto%252C-ON-Analyst-AI-%26-Data-Transformation-ON-M5C-3G7%2F1358930900%2F%3Futm_source%3DLINKEDIN%26utm_medium%3Dreferrer%26%3Fsrc%3DJB-12762&urlhash=2Rwp&isSdui=true,
Member of Technical Staff (AI Migrations) ,"COCKROACH LABS, INC.","Toronto, ON","Posted on January 23, 2026, 5:54 AM
19 hours ago",,https://www.linkedin.com/redir/redirect/?url=https%3A%2F%2Fboards%2Egreenhouse%2Eio%2Fcockroachlabs%2Fjobs%2F7171839%3Fsource%3DLinkedIn&urlhash=lK2I&isSdui=true,
Senior ML Platform / ML Infrastructure Engineer II ,Mistplay Inc,"Toronto, ON (Hybrid)","Posted on January 23, 2026, 11:04 PM
2 hours ago",,https://www.linkedin.com/jobs/view/4365636572/apply/?openSDUIApplyFlow=true&refId=MB%2FdxI9LwSsDu77uSHdVnQ%3D%3D&trackingId=mqeA7IDr92J2c%2BmxN6SCaA%3D%3D&eBP=NOT_ELIGIBLE_FOR_CHARGING,
AWS GEN AI Engineer  - CDK & CI/CD,Datacove.ai,"Toronto, ON (On-site)","Posted on January 23, 2026, 2:33 PM
10 hours ago",,https://www.linkedin.com/jobs/view/4365557386/apply/?openSDUIApplyFlow=true&refId=MB%2FdxI9LwSsDu77uSHdVnQ%3D%3D&trackingId=9eNleVAOu%2FbmFO3rUGaJ8w%3D%3D&eBP=NOT_ELIGIBLE_FOR_CHARGING,
"Principal Data Scientist, Quantitative Analysis and Strategy ",BMO,"Toronto, ON","Posted on January 23, 2026, 8:23 PM
5 hours ago",,https://www.linkedin.com/redir/redirect/?url=https%3A%2F%2Fbmo%2Ewd3%2Emyworkdayjobs%2Ecom%2Fen-US%2FExternal%2Fjob%2FToronto-ON-CAN%2FPrincipal-Data-Scientist--Quantitative-Analysis-and-Strategy_R250024210%3Fsource%3DSocial_Linkedin&urlhash=3yH6&isSdui=true,
"Dir. princ., Analyses avanc??es (Analyses quant.) ",TD,"Toronto, ON (Hybrid)","Posted on January 23, 2026, 8:40 PM
4 hours ago",,https://www.linkedin.com/redir/redirect/?url=https%3A%2F%2Ftd%2Ewd3%2Emyworkdayjobs%2Ecom%2Ffr-CA%2FTD_Bank_Careers%2Fjob%2FToronto-Ontario%2FSenior-Manager--Advanced-Analytics--Quants-_R_1451143&urlhash=1s0X&isSdui=true,
"Dir., Analyses avanc??es (Analyses quant.) ",TD,"Toronto, ON (Hybrid)","Posted on January 23, 2026, 8:40 PM
4 hours ago",,https://www.linkedin.com/redir/redirect/?url=https%3A%2F%2Ftd%2Ewd3%2Emyworkdayjobs%2Ecom%2Ffr-CA%2FTD_Bank_Careers%2Fjob%2FToronto-Ontario%2FManager--Advanced-Analytics_R_1451145&urlhash=WH-D&isSdui=true,
Senior AI/ML Engineer ,TD Securities,"Toronto, ON (Hybrid)","Posted on January 23, 2026, 9:14 AM
16 hours ago",,https://www.linkedin.com/redir/redirect/?url=https%3A%2F%2Ftd%2Ewd3%2Emyworkdayjobs%2Ecom%2Fen-US%2FTD_Bank_Careers%2Fjob%2FToronto-Ontario%2FSenior-AI-ML-Engineer_R_1468417-1%3Fsource%3DLinkedIn&urlhash=T68V&isSdui=true,
"Senior Developer, Data, AI and Platform Development & Support ",BMO,"Toronto, ON","Posted on January 23, 2026, 8:23 PM
5 hours ago",,https://www.linkedin.com/redir/redirect/?url=https%3A%2F%2Fbmo%2Ewd3%2Emyworkdayjobs%2Ecom%2Fen-US%2FExternal%2Fjob%2FToronto-ON-CAN%2FSenior-Developer--Data--AI-and-Platform-Development---Support_R250011972%3Fsource%3DSocial_Linkedin&urlhash=RdkY&isSdui=true,
Principal Data Engineer - Intelligent Data Platforms (AI) ,BMO,"Toronto, ON","Posted on January 23, 2026, 8:23 PM
5 hours ago",,https://www.linkedin.com/redir/redirect/?url=https%3A%2F%2Fbmo%2Ewd3%2Emyworkdayjobs%2Ecom%2Fen-US%2FExternal%2Fjob%2FToronto-ON-CAN%2FPrincipal-Engineer--Data-Warehouse---Data-Engineering_R250012059-1%3Fsource%3DSocial_Linkedin&urlhash=VnOq&isSdui=true,
Postdoctoral Scholar ,CAMH,"Toronto, ON (On-site)","Posted on January 23, 2026, 4:44 PM
8 hours ago",,https://www.linkedin.com/jobs/view/4363455776/apply/?openSDUIApplyFlow=true&refId=gRLleEKF7Hh0Iv4rTACIZA%3D%3D&trackingId=Bo92s198Y7Fc%2FifC77z%2BKg%3D%3D&eBP=NOT_ELIGIBLE_FOR_CHARGING,
Databricks Solution Architect ,BDO Canada - FR,"Toronto, ON (Hybrid)","Posted on January 23, 2026, 4:19 PM
9 hours ago",,https://www.linkedin.com/redir/redirect/?url=https%3A%2F%2Fbdo%2Ewd3%2Emyworkdayjobs%2Ecom%2Ffr-CA%2FBDO%2Fjob%2FToronto---Bay-St%2FSenior-Databricks-Solution-Architect_JR5329%3Fsource%3DLinkedIn&urlhash=0DqZ&isSdui=true,
"Principal Technical Consultant (AI), Platform Products Expert Implementation Services ",ServiceNow,"Toronto, ON (Hybrid)","Posted on January 23, 2026, 11:42 AM
13 hours ago",,https://www.linkedin.com/redir/redirect/?url=https%3A%2F%2Fcareers%2Eservicenow%2Ecom%2Fjobs%2F744000086214236%2Fprincipal-technical-consultant-ai-platform-products-expert-implementation-services%2F%3Ftrid%3D2d92f286-613b-4daf-9dfa-6340ffbecf73&urlhash=GGLd&isSdui=true,
"Postdoctoral Researcher Level 1, Clinical Electrophysiology ",University Health Network,"Toronto, ON (On-site)","Posted on January 23, 2026, 3:51 PM
9 hours ago",,https://www.linkedin.com/redir/redirect/?url=https%3A%2F%2Fjobs%2Esmartrecruiters%2Ecom%2FUniversityHealthNetwork%2F744000104503655-postdoctoral-researcher-level-1-clinical-electrophysiology%3Ftrid%3D2d92f286-613b-4daf-9dfa-6340ffbecf73&urlhash=drha&isSdui=true,
Senior Research Machine Learning Scientist (B3617) ,TD,"Toronto, ON (Hybrid)","Posted on January 23, 2026, 9:41 PM
3 hours ago",,https://www.linkedin.com/redir/redirect/?url=https%3A%2F%2Ftd%2Ewd3%2Emyworkdayjobs%2Ecom%2FTD_Bank_Careers%2Fjob%2FToronto-Ontario%2FSenior-Research-Machine-Learning-Scientist--B3617-_R_1467971%3Fsource%3DLinkedIn&urlhash=Q2fa&isSdui=true,
Senior AI/ML Engineer ,TD,"Toronto, ON (Hybrid)","Posted on January 23, 2026, 3:36 AM
21 hours ago",,https://www.linkedin.com/redir/redirect/?url=https%3A%2F%2Ftd%2Ewd3%2Emyworkdayjobs%2Ecom%2FTD_Bank_Careers%2Fjob%2FToronto-Ontario%2FSenior-AI-ML-Engineer_R_1468417-1%3Fsource%3DLinkedIn&urlhash=4Gba&isSdui=true,
"Manager, Advanced Analytic ?€? Trading Surveillance ",TD,"Toronto, ON (Hybrid)","Posted on January 23, 2026, 9:41 PM
3 hours ago",,https://www.linkedin.com/redir/redirect/?url=https%3A%2F%2Ftd%2Ewd3%2Emyworkdayjobs%2Ecom%2FTD_Bank_Careers%2Fjob%2FToronto-Ontario%2FManager--Advanced-Analytic---Trading-Surveillance_R_1451147%3Fsource%3DLinkedIn&urlhash=nNlH&isSdui=true,
"Scientifique principal, Recherche en apprentissage automatique ",TD,"Toronto, ON (Hybrid)","Posted on January 23, 2026, 8:40 PM
4 hours ago",,https://www.linkedin.com/redir/redirect/?url=https%3A%2F%2Ftd%2Ewd3%2Emyworkdayjobs%2Ecom%2Ffr-CA%2FTD_Bank_Careers%2Fjob%2FToronto-Ontario%2FSenior-Research-Machine-Learning-Scientist--B3617-_R_1467971&urlhash=aQCO&isSdui=true,
"Senior Data Architect, Artificial Intelligence / AWS Cloud ",BMO,"Toronto, ON","Posted on January 23, 2026, 8:23 PM
5 hours ago",,https://www.linkedin.com/redir/redirect/?url=https%3A%2F%2Fbmo%2Ewd3%2Emyworkdayjobs%2Ecom%2Fen-US%2FExternal%2Fjob%2FToronto-ON-CAN%2FEnterprise-Architect---AI-and-Data_R250025412%3Fsource%3DSocial_Linkedin&urlhash=l7zv&isSdui=true,
"Engineering Manager, Data, AI and Platform Development & Support ",BMO,"Toronto, ON","Posted on January 23, 2026, 8:23 PM
5 hours ago",,https://www.linkedin.com/redir/redirect/?url=https%3A%2F%2Fbmo%2Ewd3%2Emyworkdayjobs%2Ecom%2Fen-US%2FExternal%2Fjob%2FToronto-ON-CAN%2FSenior-Technology-Officer--Data--AI-and-Platform-Development---Support_R250012111%3Fsource%3DSocial_Linkedin&urlhash=JlD7&isSdui=true,
"Senior Manager, Advanced Analytics (Quants) ",TD,"Toronto, ON (Hybrid)","Posted on January 23, 2026, 9:41 PM
3 hours ago",,https://www.linkedin.com/redir/redirect/?url=https%3A%2F%2Ftd%2Ewd3%2Emyworkdayjobs%2Ecom%2FTD_Bank_Careers%2Fjob%2FToronto-Ontario%2FSenior-Manager--Advanced-Analytics--Quants-_R_1451143%3Fsource%3DLinkedIn&urlhash=QwAZ&isSdui=true,
Senior Analyst- Trading Surveillance ,TD,"Toronto, ON (Hybrid)","Posted on January 23, 2026, 9:41 PM
3 hours ago",,https://www.linkedin.com/redir/redirect/?url=https%3A%2F%2Ftd%2Ewd3%2Emyworkdayjobs%2Ecom%2FTD_Bank_Careers%2Fjob%2FToronto-Ontario%2FSenior-Analyst--Trading-Surveillance_R_1451161-1%3Fsource%3DLinkedIn&urlhash=KUe-&isSdui=true,
"Senior Manager, Advanced Analytics - AML & Transaction Monitoring ",TD,"Toronto, ON (Hybrid)","Posted on January 23, 2026, 3:36 PM
9 hours ago",,https://www.linkedin.com/redir/redirect/?url=https%3A%2F%2Ftd%2Ewd3%2Emyworkdayjobs%2Ecom%2FTD_Bank_Careers%2Fjob%2FToronto-Ontario%2FSenior-Manager--Advanced-Analytics_R_1430073-1%3Fsource%3DLinkedIn&urlhash=wgrh&isSdui=true,
Manager - Credit Risk Model Validation ,BMO,"Toronto, ON","Posted on January 23, 2026, 2:25 PM
11 hours ago",,https://www.linkedin.com/redir/redirect/?url=https%3A%2F%2Fbmo%2Ewd3%2Emyworkdayjobs%2Ecom%2Fen-US%2FExternal%2Fjob%2FToronto-ON-CAN%2FManager---Credit-Risk-Model-Validation_R260002045%3Fsource%3DSocial_Linkedin&urlhash=b2qO&isSdui=true,
"Analyste principal, Mod??lisation et Pr??visions ",TD,"Toronto, ON (Hybrid)","Posted on January 23, 2026, 8:40 PM
4 hours ago",,https://www.linkedin.com/redir/redirect/?url=https%3A%2F%2Ftd%2Ewd3%2Emyworkdayjobs%2Ecom%2Ffr-CA%2FTD_Bank_Careers%2Fjob%2FToronto-Ontario%2FSenior-Analyst--Trading-Surveillance_R_1451161-1&urlhash=L0UQ&isSdui=true,
Technical Project Manager ?€? Agentic AI Technologies ,Techedin,"Toronto, ON (Hybrid)","Posted on January 23, 2026, 9:29 PM
3 hours ago",,https://www.linkedin.com/jobs/view/4321324046/apply/?openSDUIApplyFlow=true&refId=gRLleEKF7Hh0Iv4rTACIZA%3D%3D&trackingId=fZnz4H4KvQLCEJBEfpRoWw%3D%3D&eBP=CwEAAAGb7rErzyVt6Y0qamoNquw3tyb2bulYI4_s8QRHyb8v_ZfEi3on5atyUNYjvBkzswL4P77WLxm86D76kwTlhc9guIWn30ASz3aPVJ_tOxxPgvY4WXox1Lp81phYrCYD-edd-YagqLJ-N6HfeI6fYRczzUp-Wws8HJN6buyg93z-xDdCfvW6Izd9TaVGZ_gXF1oJmO63NsGh0z9U1oKIxj6r1tBG9KVZc8CqMcXitpn9Ggyl_73keLCyqQ5MttCzfHqB0tc3_LNdo-ooZEl9oOja5C1MOzRm3OHkvmlU7wbAwQ9oyj7o47SbSqDNjj9-qrxStGJgO91uLRiJaxL1Dg3f18VA7A6EKCqfxeq601BoSvu11AMfANtljDi1PFwRjtH1vhLnFuAK8KPpO7eFBpuFE-MFrm_FldGZKaMV-vuFsodVuIin_-8wOi_QBBzqmAubDzqH10ImzaGnI6ebItR00dr4REDxeIrBXEuc_4o-U-xBsqAbF2MfNKCvzVtPJvzUth3kTTVT6KjtUatYSXn3rGJvtPm0sdhm_5gNxoPL9hc_e6IB2y0,
"Sr Manager, KDN Microsoft Data Solution Architect ( KPMG Delivery Network) ",KPMG Canada,"Toronto, ON (Hybrid)","Posted on January 23, 2026, 8:26 PM
5 hours ago",,https://www.linkedin.com/redir/redirect/?url=https%3A%2F%2Fcareers%2Ekpmg%2Eca%2Fjobs%2F31123%3Flang%3Den-us%26iis%3DJob%2BBoard%26iisn%3DLinkedIn%26Codes%3DLinkedIn&urlhash=xHxM&isSdui=true,
Senior Software Engineer ,Morningstar,"Toronto, ON (Hybrid)","Posted on January 23, 2026, 8:36 PM
4 hours ago",,https://www.linkedin.com/redir/redirect/?url=https%3A%2F%2Fcareers%2Emorningstar%2Ecom%2Fus%2Fen%2Fjob%2FMORMORUSREQ054606EXTERNALENUS%2FSenior-Software-Engineer%3Futm_source%3Dlinkedin%26utm_medium%3Dphenom-feeds%26source%3DLinkedIn&urlhash=H8iM&isSdui=true,
GCP Data Analyst - BigQuery (Canada) ,RACKSPACE,"Toronto, ON (Hybrid)","Posted on January 23, 2026, 11:14 PM
2 hours ago",,https://www.linkedin.com/jobs/view/4363427583/apply/?openSDUIApplyFlow=true&refId=gRLleEKF7Hh0Iv4rTACIZA%3D%3D&trackingId=kl5AhJyQeDPfYinrGr214Q%3D%3D&eBP=CwEAAAGb7rErz1VZTKX-Eu4wKsoGY4t0EHMooOtIAf_CSxJu1IfkFJG38aCX7dNcB8ZHHkMcvHEl3jKyaBbXWz47sdtd-ECBVdcYFfDvGhkjQnUTAJVLXKHV93vo-3uS0fHNr9WhyiwaxEeSp-O9yBlQw2YBMOYH9ou1TBYTHvS2jxO34tw2vp4rtKy2cEoBqQIOkH8bpTgLsT55K_c4o1zo3-yn6p1XofoCXYEPxtNJhBDFVFJHXpRZDwCZNQzmCaEYzkq81hqap3rqnBJG0MIpYWNOsvrtW6pEWWPF315Hq-UMG5m4PevenNE5uLozjRR1ndFT9HCSwM7JSDwlhrFePKugx-Gsxj4BHV2109hlSsygCGgZ9ljrQh0tPe8ZkY9uFc4qVSJ-ml98zMz1YwjuVUXuwRxFmBTuDHhp02qGZaBxW3d3xbDlchV4_Pc9IwwUv0qCjjwTnR4whNuX44lBEUpAQ50lVDQG4HRW6k9rjE4B-Ry-ddiE3ZxzlfwO5tKZG7qY5N3dRGnWk9pp2lrPjbtMfww,
"Application Support Engineer, Trilogy (Remote) - $60,000/year USD ",Crossover ,"Toronto, ON (Remote)","Posted on January 23, 2026, 5:02 AM
20 hours ago",,https://www.linkedin.com/redir/redirect/?url=https%3A%2F%2Fwww%2Ecrossover%2Ecom%2Froles%2Fa0s2j000000NeiyAAC%2Fapplication-support-engineer%2Fapply%3Futm_source%3Dlinkedin%26utm_medium%3Djobslot%26utm_campaign%3DLJ-3330-CA-Toronto-ApplicationSup%2E034&urlhash=vXJ6&isSdui=true,
Data Platform Engineers (Databricks) ,Jarvis Consulting Group,"Toronto, ON (Hybrid)","Posted on January 23, 2026, 9:50 AM
15 hours ago",,https://www.linkedin.com/jobs/view/4365524089/apply/?openSDUIApplyFlow=true&refId=vRHsY2%2B2a9oVIG29DMUuGA%3D%3D&trackingId=e3Qsl7iGrPTC%2BKo7gfT7uQ%3D%3D&eBP=CwEAAAGb7rGYWS1J8Fy5YD1pSPcYT5clgVx-PfD7iBiPbMn1w2n_eca40mWNoDVtMdFV1EUgGFR9_VETRouPgkpMc0DSwQgq5t6UcVQ_uIVIynOBCBdbu1MIPrYnoXabqiFqukEIHcfv_b3DB1K1gMLYQzK-s1BeYqMlJfjFcQ7JFiCEikWfphcjWTcxdoQqJtXV3XqWCx8TSdFZSGmdyCjWWGAZ36soRaQBcLPW7bcMbeb2ee9k1l-p1kSJsQo6_dJFxMA3BrqwIcGL0pjQcHV0bKl4y96ifvAUJTRfWYGEDi3AM3zAyHdvP9yduW7B5zp-JbFqYM-3ylMFahkMquQy2XdL_Vd-okYBdTTm8KjJo4OzeMlbFPP1kX3-oWW9ZRE2WZfQ3VCoq950BwzeFaTwVdwNu6UELUG21KDKdrvdlah8xL4s7USBUz9fRipsWmCXfJXLPS-KfEvgcV4mSHlm6jlXmYei3VIRfrAryePYQCaLBrwpiCTkWwIGN156aNmu4bo4ANlSXyMNVt4cX6GmAkuQmORtnR4G6Og,
"Lead Software Architect, LearnWith.AI (Remote) - $200,000/year USD ",Crossover ,"Toronto, ON (Remote)","Posted on January 23, 2026, 5:00 AM
20 hours ago",,https://www.linkedin.com/redir/redirect/?url=https%3A%2F%2Fwww%2Ecrossover%2Ecom%2Froles%2Fa0s2j00000APYknAAH%2Flead-software-architect%2Fapply%3Futm_source%3Dlinkedin%26utm_medium%3Djobslot%26utm_campaign%3DLJ-5106-CA-Toronto-LeadSoftwareAr%2E002&urlhash=8sZF&isSdui=true,
"L2 Support Engineer, Alpha (Remote) - $60,000/year USD ",Crossover ,"Toronto, ON (Remote)","Posted on January 23, 2026, 3:29 AM
22 hours ago",,https://www.linkedin.com/redir/redirect/?url=https%3A%2F%2Fwww%2Ecrossover%2Ecom%2Froles%2Fa0sfv000001GOfJAAW%2Fl2-support-engineer%2Fapply%3Futm_source%3Dlinkedin%26utm_medium%3Djobslot%26utm_campaign%3DLJ-5729-CA-Toronto-L2SupportEngin&urlhash=rrd2&isSdui=true,
Product Manager,Lemurian Labs,"Toronto, ON (Hybrid)","Posted on January 23, 2026, 11:22 PM
2 hours ago",,https://www.linkedin.com/jobs/view/4365636595/apply/?openSDUIApplyFlow=true&refId=vRHsY2%2B2a9oVIG29DMUuGA%3D%3D&trackingId=kr7UDo56igcVgiPNTxqD5Q%3D%3D&eBP=CwEAAAGb7rGYWTVRmVZiAlj2lU35D9ZtUmm4IdOy0PqEPpwe02nLd8bb4wDDXSec6wgvZD3NCs7Lz8voE4l-BepTtipzX7kkDirSic6SxQED-dcVAyh_loxI3NbOpJhmaWW1OlTsjejTXgPmuQKueobD4rovUn7SAaV8uc3ll5I2KWGui9KegGh_gLXZRKub80UIzBIIer1lmAZCMmyTI-cJ7NHoXAoIMDwHPG14pmMRAbd4FLQ4DZE4h3q1MeSCG6DCD3j43_vbQ8-b-w6GU5V06f_WJ2pBd4OCqKDud7_q_-58C8JapRHb_Wwzt9hxD_8AffqU6_5XpCm84OS3clAW_WZGlqOWHq4LJSiKFpnbJFw7Vzgmc-hTtSGiNIxFzceYcgrHzkoMRzvKasanlOOQW_ipBn-OUvN85HyyKNOZAHumyOnH2K448WsQFas0-by0fkk8OP9BC-U7YdtAqYOdKidyoA7ymDKKB47k45N-sJxALrrQOKJ1kvfLO0M9nZOY5IN5j8_qjOVYLsA_TCThYpX3_lwDRV6PMtE,
Paid Media Effectiveness & Planning Advisor ,OLG,"Toronto, ON (On-site)","Posted on January 23, 2026, 7:25 PM
6 hours ago",,https://www.linkedin.com/redir/redirect/?url=https%3A%2F%2Folg%2Ewd3%2Emyworkdayjobs%2Ecom%2FCareers%2Fjob%2FToronto-Ontario-Canada%2FPaid-Media-Effectiveness---Planning-Advisor_R26_00013%3Fsource%3DLinkedIn&urlhash=Sdl1&isSdui=true,
Software Engineer (entry) ,Jerry,"Toronto, ON (Hybrid)","Posted on January 23, 2026, 8:15 PM
5 hours ago",,https://www.linkedin.com/redir/redirect/?url=https%3A%2F%2Fjobs%2Eashbyhq%2Ecom%2FJerry%2Eai%2F21b689db-16a0-422b-bd3e-79a5be0a26dd%3Futm_source%3D6Vdva5VPyD&urlhash=Lipk&isSdui=true,
French-Canadian / English - Principal DSP Developer ?€? Coherent Optical Transmission Systems - Acacia (Remote) ,Cisco,"Toronto, ON (Remote)","Posted on January 23, 2026, 6:17 AM
19 hours ago",,https://www.linkedin.com/redir/redirect/?url=https%3A%2F%2Fcareers%2Ecisco%2Ecom%2Fglobal%2Fen%2Fjob%2FCISCISGLOBAL1440299EXTERNALENGLOBAL%2FFrench-Canadian-English-Principal-DSP-Developer-Coherent-Optical-Transmission-Systems-Acacia-Remote%3Futm_source%3Dlinkedin%26utm_medium%3Dphenom-feeds&urlhash=_3yj&isSdui=true,
Data Engineer ,Caspian One,"Toronto, ON (Hybrid)","Posted on January 23, 2026, 11:19 AM
14 hours ago",,https://www.linkedin.com/jobs/view/4355470847/apply/?openSDUIApplyFlow=true&refId=vRHsY2%2B2a9oVIG29DMUuGA%3D%3D&trackingId=dRp%2FL2835w212%2Buc5QHmzQ%3D%3D&eBP=CwEAAAGb7rGYWaU1mGDdRXWuRb31M2_z6osoOc_7CwsBNyTY7JwzxmfFXYAbmZDM8r-IyHhMcCCG4HgE4BDFV4G5oygt1W55C733aTIEM_pSohkHEptf7ckPxqKp1xPsc_9-TG-T9Uju1cOEls8hCYdxPWCG5DwhUZLQJGrRMZhlizDNotC9yLO3bB-7r70v0Kg7bS5jqJAW__ln6EAhu1enbivk57AOdbcaFbzDweMGcrlziXNs0-nKexE9DtbTl5VJERMPouoXaKzucPIFYkfxUqiuUzMpoKcDo49KWPRByu3Kpv17UWuILUHEM_IP8IF1G7fe5e-fY7h1bXD47uxPPYle4jHZv6RTR8fc5gs8xvud_iVSZ8zsOAtT0OQ_snKiGDLgHBCW5_INW8qMbUNtcPlJEeX0yFwdHd9BBuiq-8BqhkMchwx8lPBtDFUXchtIOGgnkG4ihOvmfXVd0ZoJ522SuOIevzGarLkR86x8w9_KhgP4MpuK0PXWG5gWAtV10MhDnURIQzKharF-nlPuMjGHAvso78fdjmtyhA,
Power BI and Azure Developer ,CGI,"Toronto, ON","Posted on January 23, 2026, 3:03 PM
10 hours ago",,https://www.linkedin.com/jobs/view/4365560421/apply/?openSDUIApplyFlow=true&refId=vRHsY2%2B2a9oVIG29DMUuGA%3D%3D&trackingId=Vs%2BI973mv1vC11898i1rzQ%3D%3D&eBP=CwEAAAGb7rGYWbi3_wuzeSQNwiYVc_7fEEfnVT3SdWDoblpqcIKg3vMarGm9OoU2di5v5FsmK98UOiHsrNVQvkHUxt-7r9inCnJNsoBMGyRPwUrFBJAUNJ_j5sHFjbhw1RRSNo_EJ9RrswKLU7MH36W0ceT06V1Gbzo3eJBCYR6S8D8W-e479fgRZ7ayEGYaI9mwpV7KAR5NjHZ0jmMZbW6ab5GYlJ3MCttXU7XOjkFff6l6krXOVweaG7NGYjuPWgcELfCQ5ddkJfwQfUQEBjHCPELoCOwZJKrXZRYULE5kMRy_LQZPQ8d4YbOWfCZc3GZKHZ2Sixj830TQ-lAu5Y0xiavB3oCp2O6jxDsi9Ii25BzSlNO4EhLj9i2RyICI17MELXFIKaC88yG6cDpieNY6vxgA3NZg7hQG1l3CbHIkM8BAAajJXjwEEoGsvg-zVh5L1BZxPy48hNQG5serpu4YiNZ9k24PiA5eaJMiz626sHQwGkAI1_exnf5T2TXy7GnB8ofc7Qxnc_UE2c263geEIemHmBWzHymrviQCDg,
Senior Python Developer,Fulfil,"Toronto, ON (Hybrid)","Posted on January 23, 2026, 10:29 AM
14 hours ago",,https://www.linkedin.com/redir/redirect/?url=https%3A%2F%2Fjobs%2Efulfil%2Eio%2Fo%2Fpython-engineer-ii&urlhash=nn9W&isSdui=true,
Business Consultant,Mindlance,"Toronto, ON (Hybrid)","Posted on January 23, 2026, 10:06 AM
15 hours ago",,https://www.linkedin.com/jobs/view/4365513464/apply/?openSDUIApplyFlow=true&refId=vRHsY2%2B2a9oVIG29DMUuGA%3D%3D&trackingId=4jr44QqOFxRdzM9cnsl8cw%3D%3D&eBP=CwEAAAGb7rGYWaNUy1nrBR8tJsfPZ2-QwaAEYg_cVKEQ9olTbRpS7v3j_mQRLJQphOOyQv2U2QZe-dqZcA3JbvbS87yDC9G_0di-l9e6yzZc217jUCkxfD970TzztA2qag9lRziGjC178K2tHASihmKiD0ttLdIcB8UIKjDrEcdkCRlR_BVM-78M6PovuNZAyb1WsYtkXCQHY55KH6VWO2AEEcTzv9prlYJMUJKlO7LV4yu7nko7RN9HjhfpYKEzwyIknrqr6BMhFCFOkb6I607KaN6OBytxx-REY52qpUko5e_MdzpRgdBYxfDb7UVbNsTRrBi6Q7sM6-DLOJNPhOzKzUvIdb2iJ2FNtuNDDQ15fnuacCoodH86P8w5V3EtMX5ZThm3OFYXnJZtkqX6AK1ibpc1a6NEM5nKik11aXD65RuKjDwEFGSXiUFpV5cih-8-qmTKw-ePJir2Esk1Lqw3sFvwx4BgqXyspjarWA0SlLc7Zzni_XhouhVAgqrr5QmFBI7w8e575bANuNIfi93Zg3eQKn_OFkg7tgI,
Paid Media Specialist & Account Manager (AI-Driven),The Ethereal Agency,"Toronto, ON (On-site)","Posted on January 23, 2026, 1:59 PM
11 hours ago",,https://www.linkedin.com/jobs/view/4365544510/apply/?openSDUIApplyFlow=true&refId=vRHsY2%2B2a9oVIG29DMUuGA%3D%3D&trackingId=hscyNJqs1S13Y0A7AiZung%3D%3D&eBP=CwEAAAGb7rGYWRdYBYkQDpfz0Z2OqjTbyhcI68RSklu5-4BiQQ99WSHWDnoqsiouJZFB3QtRdpVzikkIzm6xuZqdZ9WDFBIJzETW1-h9yTZg0NwAJTbB_aXQBR5ztZ_KRlR46658C5Q7G1qs-A76cBKnmzAjNCbQc80Z7Kw37Z-KESRPsKnHK0rSOBrarqtQ4jvbWJOQN-x0HdgSu3UFcGjk-m6usvxD5XeRZxOCYCZpe0KtFFGuAZzKQgrNGPa5abO_bnRbvg8_ZKSe06gmVv8ksgwA9YFRLuoo8tlz2W9-7fDSIF7HsT3UbVwvOwwULMnGxbwcpHQSmbnovql2BFVL1s9xbQ3svy799LA8DNAw3WxO5sHpexKmDP8zKHj_cs1xM64KwHJPp9eZChTY0X1_qOwI19YL0VzITy_C2QlRT7A4Bgrvv23brHRRb-Uv5L_leb9of02Ktn3IgZZQK34EJd0mhqAyoxjC0xfhZdELAglHta7JzXL0qdUmu5WmyezCW1zwPPNNDWC_NzUE6zsdj-lXrpv8o5meLdI1OOj244p3nt-6V5wMGfYkUtpy-w,
"Senior Backend and Data Engineer, Telematics ",Lyft,"Toronto, ON (Hybrid)","Posted on January 23, 2026, 7:30 AM
17 hours ago",,https://www.linkedin.com/redir/redirect/?url=http%3A%2F%2Fboards%2Egreenhouse%2Eio%2Flyft%2Fjobs%2F7888101002%3Fgh_src%3Ddd08aaff2us%26source%3DLinkedIn&urlhash=XdOF&isSdui=true,
Compiler Tech Lead,Lemurian Labs,"Toronto, ON (Hybrid)","Posted on January 23, 2026, 11:22 PM
2 hours ago",,https://www.linkedin.com/jobs/view/4365645344/apply/?openSDUIApplyFlow=true&refId=vRHsY2%2B2a9oVIG29DMUuGA%3D%3D&trackingId=S9wS9GXl6NjhKvirqq49KQ%3D%3D&eBP=CwEAAAGb7rGYWeRemg_3P5rzpVRfDxpfyUz8Qa8m_w1nqZJTGicp7e9VPALPIKagnmmbcTv8QIheEUCgfYG9nB3dQH6Qm99udjt2MhoHXvc46A-v5ZqOHapz3KWlCt0lc_V7daOLSPQcBm9JeF25dUlPN4OP3gTrIpQZr1gtGt5_B-XafEPCaAOS0ffHA3bu3j9xuH69Ua579QKhWIoN0Ml8eGn6W2C_-WoegqL9Pj5YSpDfvc2hdBAI_nmjPUB4EkpItVQ8Xv3eJJxfyT7z_MgXxJbXmjvoDfeva9zyi1HvoEG-Q_jsMZgR1__QX8piWaswAD4Ad2NKqKdr74MVMXpCihSyHeDV0R5LVsVn9X8NHluqV2CBunP1oPVOs08g17vrtar9LPHa5uISB3ANUdM-YCiWNdVyHcj63zx6K_-6b6gs0BykRfR9EJk9O5s3B8mNsbXvlf_TXKR9I96CqAqcAaIA9T39I9ieeANDWsrU4uML8zDxqjwBBI5IuF_fmC_2aDP1HpnFIcHQ7X4nXTOd_O4TVuHqGXX2hQ4DCQ,
"Vertical Insights Partner: US/C, Measurement Science, Ads",Uber Advertising,"Toronto, ON","Posted on January 24, 2026, 1:05 AM
23 minutes ago",,https://www.linkedin.com/redir/redirect/?url=https%3A%2F%2Ftnl2%2Ejometer%2Ecom%2Fv2%2Fjob%3Fjz%3D5wqzsc0860ba4745ae4b45c81f23e7bac226cKQALBBQAAADQ%26iis%3DJob%2520Board%2520-%2520Recruitment%2520Marketing%26iisn%3DLinkedIn&urlhash=cYxm&isSdui=true,
Big Data Developer ,Insight Global,"Toronto, ON (Hybrid)","Posted on January 23, 2026, 10:34 AM
14 hours ago",,https://www.linkedin.com/jobs/view/4321302781/apply/?openSDUIApplyFlow=true&refId=vRHsY2%2B2a9oVIG29DMUuGA%3D%3D&trackingId=LPdqutmFxdopS2BhJZPv%2Bw%3D%3D&eBP=CwEAAAGb7rGYWaePl1qKr5xC8ZWnjG78y4iyiVBwLt0wMUwAcK4oFDwIW7Hhs5jyhxgWHd1CFHXvB_or-dqYP4Kq-tfOAqmC8CcFWGZEZIjjpvS3FGtAt6mBik6fSlhR6t45mkG4u7XYfTIyfgNW7amO-09YEr3A-BTf935iOeQWucy9S4N-TzSKJv1ztWteA6DYmrmtHNuGnrQ09s7X8urcRkQp3m13l7mngt2yqJGYi9M7PxSb5gI5y28sYfSIJJj0Eygcdk0qLJSQsn_UZbz5IW-YmasoBOZs-lZpC7ebqVQMPH3IDiXmYJN0Libz4qn-5Bi5MvB6y7vKDYqgoR05YO0CCdQwlsVgknyLE3sc4RoEfVM_CUcIeQERS6mlW1rJGKkQpDEmV_WCfWrxtnSTfvUErLEMaLXA5Bc2VO63-srW80sQbMCNMUQHOlCKNFud9PYJkWB2PjMdDYwn50ytCQItPgUoJR6BEvy2Ao3g2Oe7QH3eghVk2Te9E5hUSQKPfuDrKqo-ydO4xg6O4WXTulIiV8fxrDsDZ8qjkelTHng,
Data Engineer - Platform Central Data ,Spotify API,"Toronto, ON","Posted on January 23, 2026, 7:46 AM
17 hours ago",,https://www.linkedin.com/redir/redirect/?url=https%3A%2F%2Fjobs%2Elever%2Eco%2Fspotify%2Fbf4964d5-bb63-4846-9e6d-3e2051e5d891%3Flever-source%3DLinkedInJobs&urlhash=hJg4&isSdui=true,
Delivery Lead - AI Platforms ,CIBC,"Toronto, ON","Posted on January 23, 2026, 5:44 PM
7 hours ago",,https://www.linkedin.com/redir/redirect/?url=https%3A%2F%2Fcibc%2Ewd3%2Emyworkdayjobs%2Ecom%2Fen-US%2Fsearch%2Fjob%2FToronto-ON%2FDelivery-Lead---Contact-Center-AI-Platform_2521600%3Fsrc%3DSNS-10261&urlhash=r2H4&isSdui=true,
"Product Manager, Search and Embeddings ",Cohere,"Toronto, ON (On-site)","Posted on January 23, 2026, 7:02 AM
18 hours ago",,https://www.linkedin.com/redir/redirect/?url=https%3A%2F%2Fjobs%2Eashbyhq%2Ecom%2Fcohere%2F2a179d34-c391-48bd-b2a3-b04f468a3840%3Futm_source%3DjKNDxYPz51&urlhash=VIij&isSdui=true,
Big Data Engineer ,Insight Global,"Toronto, ON (Hybrid)","Posted on January 23, 2026, 4:59 PM
8 hours ago",,https://www.linkedin.com/jobs/view/4321352392/apply/?openSDUIApplyFlow=true&refId=vRHsY2%2B2a9oVIG29DMUuGA%3D%3D&trackingId=IKEFy%2B2yKvTGVxrU%2FziXwQ%3D%3D&eBP=CwEAAAGb7rGYWUNVBJZP1Q8w01_IZizOu6n634xW5vg6GKXjyR-kpwM9yTJrpixLQjcpUG3esy9BbpEwANN9JSHO7F9G7a8V12B_q3zB1yRJ8AZRxnVDbbwL9PxEtCrSoLmYJjJsEb9m6RAqWzUrqzwe75tFkiSojLBLRyIgOt_ZesyITxdIq4Dsn2kYhWsPqsLrIYmuwwq4ZPzjfT578-pivJ4K6ld3G_f9Gj3XyMbXm0eQ7mgk4FiuuAa1k102G7i4aGz0TQCz-cWyUW8g5cDQDPdlf2L-f4cXA3cAmhcOTOziJ9jJimwg7SdUe-KWyI-lnoXEdfqlHMe7cAI-JdxTBH6SP4P3fYnZAcF-55f8bppwn5sy4TdwzHnj98_FGmJdmBsyY5VIfXN6hVuy03ArcChz6V_DEiW6JQfWVwX5kNaHBKzRV0nrbhPoz0gHjXfLSxzTp7RqYYOo7Eqkm7Jo9pfV_pwFRPCS2R57YLjeTODNQuJeCvM8Zo8aPhdJIisHbrkvltEiWxjiUNoFe-rtGDHxwKZLqrWf-xmkSR-pya8DIQ,
"Cloud Data Developer, Professional Services, Google Cloud ",Google,"Toronto, ON (On-site)","Posted on January 23, 2026, 4:16 PM
9 hours ago",,https://www.linkedin.com/redir/redirect/?url=https%3A%2F%2Fcareers%2Egoogle%2Ecom%2Fjobs%2Fresults%2F96157267253961414-cloud-data-developer%2F%3Fsrc%3DOnline%2FLinkedIn%2Flinkedin_us%26utm_source%3Dlinkedin%26utm_medium%3Djobposting%26utm_campaign%3Dcontract&urlhash=MOGo&isSdui=true,
Scientific Director ,Vector Institute,"Toronto, ON (On-site)","Posted on January 23, 2026, 6:52 AM
18 hours ago",,https://www.linkedin.com/redir/redirect/?url=https%3A%2F%2Fworkforcenow%2Eadp%2Ecom%2Fmascsr%2Fdefault%2Fmdf%2Frecruitment%2Frecruitment%2Ehtml%3Fcid%3D4ed2be93-8bc5-40e2-915f-931884eac404%26ccId%3D9200420850870_2%26lang%3Den_CA%26selectedMenuKey%3DCareerCenter%26jobId%3D562140%26source%3DLI&urlhash=6jXj&isSdui=true,
"Software Development Manager, Vincent AI Integrations ",Themis Solutions Inc.,"Toronto, ON","Posted on January 23, 2026, 5:49 AM
19 hours ago",,https://www.linkedin.com/redir/redirect/?url=https%3A%2F%2Fclio%2Ewd3%2Emyworkdayjobs%2Ecom%2Fen-US%2FClioCareerSite%2Fjob%2FToronto%2FSoftware-Developer-Manager--Vincent-AI-Integrations_vLex-REQ-0024%3Fsource%3DLinkedIn&urlhash=u3Mk&isSdui=true,
"Sr. Product Manager, Search AI ",eBay,"Toronto, ON (Hybrid)","Posted on January 23, 2026, 5:05 AM
20 hours ago",,https://www.linkedin.com/redir/redirect/?url=https%3A%2F%2Fjobs%2Eebayinc%2Ecom%2Fus%2Fen%2Fjob%2FEBAEBAUSR0067483EXTERNALENUS%2FSr-Product-Manager-Search-AI%3Futm_source%3Dlinkedin%26utm_medium%3Dphenom-feeds&urlhash=_xln&isSdui=true,
"Senior Analyst, Data and Analytics, Temporary full-time ",Canada Life,"Toronto, ON (Hybrid)","Posted on January 23, 2026, 3:27 PM
10 hours ago",,https://www.linkedin.com/redir/redirect/?url=https%3A%2F%2Fjobs%2Ecanadalife%2Ecom%2Fjob%2FToronto-Senior-Analyst%25252C-Data-and-Analytics%25252C-Temporary-full-time-ON%2F1235865001%2F%3Fmode%3Dapply%26iis%3DLinkedIn&urlhash=1UCD&isSdui=true,
"Consultant, Strategy Value Creation & Analytics - New Grad (2026) ",BDO Canada - FR,"Toronto, ON (Hybrid)","Posted on January 23, 2026, 8:53 PM
4 hours ago",,https://www.linkedin.com/redir/redirect/?url=https%3A%2F%2Fbdo%2Ewd3%2Emyworkdayjobs%2Ecom%2Ffr-CA%2FBDO%2Fjob%2FToronto---Bay-St%2FConsultant--Strategy-Value-Creation---Analytics---New-Grad--September-2026-_JR5134%3Fsource%3DLinkedIn&urlhash=DZ9E&isSdui=true,
"Technical Lead, LearnWith.AI (Remote) - $200,000/year USD ",Crossover ,"Toronto, ON (Remote)","Posted on January 23, 2026, 3:54 AM
21 hours ago",,https://www.linkedin.com/redir/redirect/?url=https%3A%2F%2Fwww%2Ecrossover%2Ecom%2Froles%2Fa0s2j00000AVshDAAT%2Ftechnical-lead%2Fapply%3Futm_source%3Dlinkedin%26utm_medium%3Djobslot%26utm_campaign%3DLJ-5106-CA-Toronto-TechnicalLead%2E031&urlhash=fpKU&isSdui=true,
"Vice President of Product Engineering, 2 Hour Learning (Remote) - $400,000/year USD ",Crossover ,"Toronto, ON (Remote)","Posted on January 23, 2026, 3:43 AM
21 hours ago",,https://www.linkedin.com/redir/redirect/?url=https%3A%2F%2Fwww%2Ecrossover%2Ecom%2Froles%2Fa0sIj000001GA4AIAW%2Fvice-president-of-product-engineering%2Fapply%3Futm_source%3Dlinkedin%26utm_medium%3Djobslot%26utm_campaign%3DLJ-5590-CA-Toronto-VicePresidento%2E016&urlhash=hWhJ&isSdui=true,
"Senior Consultant, Client Data ","DMA - DuCharme, McMillen & Associates, Inc.","Toronto, ON (Hybrid)","Posted on January 23, 2026, 7:56 AM
17 hours ago",,https://www.linkedin.com/redir/redirect/?url=https%3A%2F%2Fdmainc%2Ewd5%2Emyworkdayjobs%2Ecom%2FDMA%2Fjob%2FToronto%2FSenior-Consultant--Client-Data_REQ295%3Fsource%3DLinkedIn&urlhash=RlXA&isSdui=true,
Senior Design Specialist - New Service Introduction ,Telus,"Toronto, ON (On-site)","Posted on January 23, 2026, 7:31 AM
17 hours ago",,https://www.linkedin.com/redir/redirect/?url=https%3A%2F%2Fcareers%2Etelus%2Ecom%2Fjob%2FToronto-Senior-Design-Specialist-New-Service-Introduction-ON%2F598071317%2F%3Fsource%3DLinkedIn&urlhash=YvTx&isSdui=true,
Systems Design Engineer ,Blue Signal Search,"Toronto, ON (Hybrid)","Posted on January 23, 2026, 3:14 PM
10 hours ago",,https://www.linkedin.com/jobs/view/4355413123/apply/?openSDUIApplyFlow=true&refId=zLxQ0XdoAx7RlbktvrBBEA%3D%3D&trackingId=g93dR7o0IFbZQY1Cc64QaQ%3D%3D&eBP=CwEAAAGb7rII0sWscLd4BsKwKeX2o9SWoH2OSbfvmYLHTXaM_eIi35auCG-_82hhAXmaCbJRkZUcxn-Nkd5QPrLxOmTTY-7oGw8SeIwD09ZIwSZWIGqh1OmqSoJtDy_Ehj8O3bzBlpqj2fEDOK4pZYfRCwkJxGjN5puNMTeHxV1hnxNxQqXhlG1bQQccnN9RtgUvSuDFkR8so2JSlthuFLWAZbcgPgdJQYjfVsx81q216p7G2W84rUCUfjIWnzBdaxKCq5yY23b6OzqlHEHFr3M8u1QfLvHl05EdJRf5sUGds1iAIXrOrjxb87RVBB4gPhCkn-RMWcQ5qeGDWUfVAhvedAQTItjp3wpvkQ7LZ-j7Odg75YvlKvw20Dp615kmquC-wT6Kvbz7sZwGyZGfaVZwjzxj8PMea_zuj_GxgQNrSzGLz6aq86coHxIJqzjoy56FKPNjU74-XizmILd6inCO0fT42p68Llyxp6ytkGp47ZX1vx5UNhYHexR51JxyvnPM3WLATaVkB4JsOpi-wvqLd4TY2OtoW2dzgvA,
"Analyste princ., S??curit?? de l'information ",TD,"Toronto, ON (On-site)","Posted on January 23, 2026, 2:43 PM
10 hours ago",,https://www.linkedin.com/redir/redirect/?url=https%3A%2F%2Ftd%2Ewd3%2Emyworkdayjobs%2Ecom%2Ffr-CA%2FTD_Bank_Careers%2Fjob%2FToronto-Ontario%2FSenior-Information-Security-Analyst--Cyber-Operations---Readiness--B3617-_R_1468103&urlhash=jobx&isSdui=true,
Senior Data Engineer ,Gore Mutual Insurance,"Toronto, ON (Hybrid)","Posted on January 23, 2026, 6:00 AM
19 hours ago",,https://www.linkedin.com/redir/redirect/?url=https%3A%2F%2Fgrnh%2Ese%2F1slua5mb6us%3Fsource%3Dlinkedin&urlhash=jhae&isSdui=true,
Mobile/Software Engineer - Node.JS & Python,Smart IT Frame LLC,"Toronto, ON (Hybrid)","Posted on January 23, 2026, 9:06 AM
16 hours ago",,https://www.linkedin.com/jobs/view/4321054242/apply/?openSDUIApplyFlow=true&refId=zLxQ0XdoAx7RlbktvrBBEA%3D%3D&trackingId=S%2FQz0Ek4FRFpmOXUd5D07A%3D%3D&eBP=CwEAAAGb7rII0lNzNHr0X7KjLVzW8-Uh1gMvvc3LCLSpsjbyOtO0S9VQMhYnF5XOjErGmRFo0fdzWdl2l1bpTPmZIu2LkeFrkEiXrHvR983jkMBLO7jRRODBqVeaFs_sVJWdz_G09siIskSbh5gVWyTRMMLy5ZmT8O7g-IJZu1aLEx4PNn88JYQb6sMaz9jiPNy0IdGtXDnqk-zY5MqNOloCtnJ_jUEYLJZm4NSyKMHqh1BBsYKtI7iJ-wq3cknrJ0lDxqCBPyQ-rFJWHfC4Mx7UG7fob6XCYgb0pkVrv_3ViJK2fDpSfVQdYlduZ1SJ7sq1gxMIghYRskrXl1pzLS5G7ncjXm_BxtOlqiDCqEWzmxL4zmFtl9jBByZVCjyQ7OHmr8sV3JkM-fV7R_J1v9jdToVpAuttX41jlUL5seIOmWXBjoG36a3tQuxxQEHSfq7C0IzTkKKFCpGC2XHrEm9xquAGZj_qgTo1gwCgKt2VY03rQlOaAGUg9JB-ZR97rikeWGJor_F-fGR7sz2PfQk7tpiNPM2k4Cojvcg,
Business Intelligence Specialist ?€? Senior ,Avanciers Inc.,"Toronto, ON (On-site)","Posted on January 23, 2026, 5:56 PM
7 hours ago",,https://www.linkedin.com/jobs/view/4355501878/apply/?openSDUIApplyFlow=true&refId=zLxQ0XdoAx7RlbktvrBBEA%3D%3D&trackingId=hf37Yo6uDl8OieT8xRhcjw%3D%3D&eBP=CwEAAAGb7rII0lRC2RzjfPKqxgd2nryBmRdSfADxcxMPyTwSslI39E3SljL1w-RBmh7S7JfA5jcJqz5dI5XyuY6nE4RCF4ijQzTTsn2d0owSAbPm4-LuQw6CMu3ZKGziHwVFTn217VytMnqEL0aONqdymZ6ZOPkWN1hJtVfGUZ958gGDpBbpChR6kwFGWdgjL7UZj24S6UCRzGwChMGLJSJFhWYx9pTM49f-xjI4scFM4sVmcITKm-VGJ_WHZcynKH3acpLVhL0xRFnhv5AitO-u12bSvVnrOJ_M8jLXPv2fmNQ_wIyxYG2mCHgQBicL9hndl54L8Rl_OEXxezm7mPqTdiPJ-0vvFtNEIpxZ5TfMttnk5L0TTPUSzFuvCqBKbbTD1GASW2OzwNQyFVDzHNnJTogVYH9FFXVt4_Y9PC7XZz-tENg7TU5VDqwYxqvqCNWAkFhBaXVX0PvxiWNZJ29g7TuhO3gIuMDttqfqInoCHI4RRiRN5jC4OpqYac54kwsbvWmqzjeAtO-u-mtuFG9pb_JaIGrlwXEYVaxv1g,
Summer 2026 Student - Data Analytics Analyst ,RBC,"Toronto, ON","Posted on January 23, 2026, 3:46 PM
9 hours ago",,https://www.linkedin.com/redir/redirect/?url=https%3A%2F%2Fjobs%2Erbc%2Ecom%2Fca%2Fen%2Fjob%2FRBCAA0088R0000156884EXTERNALENCA%2FSummer-2026-Student-Data-Analytics-Analyst%3Futm_source%3DLinkedIn%26utm_medium%3Dphenom-feeds%26utm_campaign%3Drbc_linkedin&urlhash=DI-o&isSdui=true,
Business Intelligence Analyst ,CBC/Radio-Canada,"Toronto, ON (Hybrid)","Posted on January 23, 2026, 12:46 PM
12 hours ago",,https://www.linkedin.com/redir/redirect/?url=https%3A%2F%2Fcbcrc%2Ewd3%2Emyworkdayjobs%2Ecom%2Fen-US%2FCBC_Radio-Canada_Jobs%2Fjob%2FToronto-ON%2FBusiness-Intelligence-Analyst_JR00006640&urlhash=UIzt&isSdui=true,
Business Intelligence Analyst ,Radio-Canada,"Toronto, ON (Hybrid)","Posted on January 23, 2026, 3:01 PM
10 hours ago",,https://www.linkedin.com/redir/redirect/?url=https%3A%2F%2Fcbcrc%2Ewd3%2Emyworkdayjobs%2Ecom%2FCBC_Radio-Canada_Jobs%2Fjob%2FToronto-ON%2FBusiness-Intelligence-Analyst_JR00006640%3Fsource%3DLinkedIn&urlhash=WbBr&isSdui=true,
"PhD Intern, Computational Physics-Shape Optimization ","Autodesk, Inc.","Toronto, ON (Hybrid)","Posted on January 23, 2026, 3:45 PM
9 hours ago",,https://www.linkedin.com/redir/redirect/?url=https%3A%2F%2Fautodesk%2Ewd1%2Emyworkdayjobs%2Ecom%2FExt%2Fjob%2FToronto-ON-CAN%2FPhD-Intern--Computational-Physics-Shape-Optimization_26WD94902-1%3Fsrc%3DJB-10065%26source%3DLinkedIn&urlhash=x5aM&isSdui=true,
PhD students ,Toronto Metropolitan University,"Toronto, ON (On-site)","Posted on January 23, 2026, 7:50 PM
5 hours ago",,https://www.linkedin.com/jobs/view/4309053192/apply/?openSDUIApplyFlow=true&refId=zLxQ0XdoAx7RlbktvrBBEA%3D%3D&trackingId=aR%2FEKs7%2BKFk1us8bQl573Q%3D%3D&eBP=NOT_ELIGIBLE_FOR_CHARGING,
"Software Engineer, Internal Infrastructure (North America) ",Cohere,"Toronto, ON (On-site)","Posted on January 23, 2026, 7:01 AM
18 hours ago",,https://www.linkedin.com/redir/redirect/?url=https%3A%2F%2Fjobs%2Eashbyhq%2Ecom%2Fcohere%2F02c92e66-c89d-4a62-8961-c260d651afe1%3Futm_source%3DjKNDxYPz51&urlhash=rvbr&isSdui=true,
Director of Engineering,Arcadia,"Toronto, ON (Hybrid)","Posted on January 23, 2026, 10:25 AM
15 hours ago",,https://www.linkedin.com/jobs/view/4365522409/apply/?openSDUIApplyFlow=true&refId=zLxQ0XdoAx7RlbktvrBBEA%3D%3D&trackingId=5547g0YEBi6kbS9Q4pi5Zw%3D%3D&eBP=CwEAAAGb7rII0q6_3joa4kYuM_G2jLGvDOuzobgU5ZhNTREPls_Lzcf38sORkqeOeMYBOT5x3SomLQYdvo_IoFFIN4iFO289LRrSlKlHK281GnXxl8-u-zlckQzzoLISLdKYnwrW59VCgdFD2nPKsLNMSqX559uVrevaRexKIGFTpMZVZAime9WoMspSoEy6PzL6yDCKp6N2_peov2G4wBVaqUK9Fii5cseAkF3GhZc49O0z27Q5L9NOY55SyAXwJde1CywmjzuNgKs6MWEXc8W4ruti8RDGBF1exYuoJ3W9LIqsZvTFs6EvOlGAk46p956TTkHNcwUTfgmQX0Lasavo_vPby356XZLg8k6gLDKTmzDX8TOBubCo9baNGsb02qCLOWiFtSWVq5s5xCpd1OXyCBMXDjwufGwDA21dTCFpPNfZWHH_NClzXmXPhiTXFnqWanRQ-wEwLrj9ns6YDdRwOc2VTvPu-HybeXt8gqMt5O629T0nk9q0sStY-3KQ5t_R64F_5dtB4mWTOCia2VUhuiZ79YEDSZU7ug5ejdD6mU8,
Associate Software Engineer ,Jerry,"Toronto, ON (Hybrid)","Posted on January 23, 2026, 8:15 PM
5 hours ago",,https://www.linkedin.com/redir/redirect/?url=https%3A%2F%2Fjobs%2Eashbyhq%2Ecom%2FJerry%2Eai%2Fcff7cbb5-bd20-4a60-b617-a119c0b54415%3Futm_source%3D6Vdva5VPyD&urlhash=qv9I&isSdui=true,
"Senior Manager, AI & Ethics Governance ",Scotiabank,"Toronto, ON (On-site)","Posted on January 23, 2026, 6:30 AM
18 hours ago",,https://www.linkedin.com/redir/redirect/?url=https%3A%2F%2Fjobs%2Escotiabank%2Ecom%2Fjob%2FToronto-Senior-Manager%252C-AI-%26-Ethics-Governance-ON-M5H-1H1%2F598090917%2F%3FfeedId%3D354060%26utm_source%3DLinkedInJobPostings%26utm_campaign%3DScotiaBank_Linkedin&urlhash=yskx&isSdui=true,
"Manager, Wealth Reporting Analytics & Automation ",BMO,"Toronto, ON","Posted on January 23, 2026, 2:25 PM
11 hours ago",,https://www.linkedin.com/redir/redirect/?url=https%3A%2F%2Fbmo%2Ewd3%2Emyworkdayjobs%2Ecom%2Fen-US%2FExternal%2Fjob%2FToronto-ON-CAN%2FManager--Wealth-Reporting-Analytics---Automation_R260001957%3Fsource%3DSocial_Linkedin&urlhash=bvB4&isSdui=true,
"Senior Software Developer, Fullstack ",Coursera,"Toronto, ON (Remote)","Posted on January 23, 2026, 7:05 AM
18 hours ago",,https://www.linkedin.com/redir/redirect/?url=https%3A%2F%2Fjob-boards%2Egreenhouse%2Eio%2Fcoursera%2Fjobs%2F5728040004%3Fgh_src%3D6d6e4f994us&urlhash=mDG0&isSdui=true,
"Senior Software Engineer, Full Stack",Valence,"Toronto, ON (Remote)","Posted on January 23, 2026, 1:26 PM
12 hours ago",,https://www.linkedin.com/redir/redirect/?url=https%3A%2F%2Fjobs%2Elever%2Eco%2Fvalence%2F7354cba0-cf12-49b1-9e02-9be2670b0aec%2Fapply%3Flever-source%3DLinkedIn&urlhash=-EHu&isSdui=true,
"Insights and Measurement Lead, Sales Intelligence, Tech, & Enablement (SITE), Amazon Ads ",Amazon,"Toronto, ON","Posted on January 23, 2026, 3:27 AM
22 hours ago",,https://www.linkedin.com/redir/redirect/?url=https%3A%2F%2Fwww%2Eamazon%2Ejobs%2Fjobs%2F3165096%2Finsights-and-measurement-lead-sales-intelligence-tech--enablement-site-amazon-ads%3Fcmpid%3DSPLICX0248M%26utm_source%3Dlinkedin%2Ecom%26utm_campaign%3Dcxro%26utm_medium%3Dsocial_media%26utm_content%3Djob_posting%26ss%3Dpaid&urlhash=5wrh&isSdui=true,
"Director, Global Client and Payment Screening ",RBC,"Toronto, ON","Posted on January 23, 2026, 3:46 PM
9 hours ago",,https://www.linkedin.com/redir/redirect/?url=https%3A%2F%2Fjobs%2Erbc%2Ecom%2Fca%2Fen%2Fjob%2FRBCAA0088R0000156655EXTERNALENCA%2FDirector-Global-Client-and-Payment-Screening%3Futm_source%3DLinkedIn%26utm_medium%3Dphenom-feeds%26utm_campaign%3Drbc_linkedin&urlhash=Izvq&isSdui=true,
"Senior Staff Engineer, Product Software ",Equinix,"Toronto, ON (Hybrid)","Posted on January 23, 2026, 3:10 PM
10 hours ago",,https://www.linkedin.com/redir/redirect/?url=https%3A%2F%2Fcareers%2Eequinix%2Ecom%2Fjobs%2Fsenior-staff-engineer-product-software-toronto-ontario-canada-6d6e85d8-f66c-4b7c-be48-ed557e323a3c%3Fsource%3Dlinkedin%26utm_source%3Dlinkedin&urlhash=xXkt&isSdui=true,
"PhD Intern, Computational Physics-Shape Optimization ","Autodesk, Inc.","Toronto, ON (Hybrid)","Posted on January 23, 2026, 3:45 PM
9 hours ago",,https://www.linkedin.com/redir/redirect/?url=https%3A%2F%2Fautodesk%2Ewd1%2Emyworkdayjobs%2Ecom%2Funi%2Fjob%2FToronto-ON-CAN%2FPhD-Intern--Computational-Physics-Shape-Optimization_26WD94902%3Fsrc%3DJB-10065%26source%3DLinkedIn&urlhash=zFjI&isSdui=true,
"Senior Manager, Development and Validation, Canadian Retail Credit Risk ",Scotiabank,"Toronto, ON (On-site)","Posted on January 23, 2026, 3:01 PM
10 hours ago",,https://www.linkedin.com/redir/redirect/?url=https%3A%2F%2Fjobs%2Escotiabank%2Ecom%2Fjob%2FToronto-Senior-Manager%252C-Development-and-Validation%252C-Canadian-Retail-Credit-Risk-ON-M5H1B6%2F599190317%2F%3FfeedId%3D354060%26utm_source%3DLinkedInJobPostings%26utm_campaign%3DScotiaBank_Linkedin&urlhash=479U&isSdui=true,
Software Engineering Team Lead ,Mediamonks B.V.,"Toronto, ON (Hybrid)","Posted on January 23, 2026, 2:22 PM
11 hours ago",,https://www.linkedin.com/redir/redirect/?url=https%3A%2F%2Fwww%2Emonks%2Ecom%2Fcareers%2Ftoronto%2Fmonksflow-content%2Fsoftware-engineering-team-lead%3Fgh_src%3Da9b949034us&urlhash=J0Ym&isSdui=true,
"Director, Collections Strategy & Performance ",BMO,"Toronto, ON","Posted on January 23, 2026, 2:25 PM
11 hours ago",,https://www.linkedin.com/redir/redirect/?url=https%3A%2F%2Fbmo%2Ewd3%2Emyworkdayjobs%2Ecom%2Fen-US%2FExternal%2Fjob%2FToronto-ON-CAN%2FDirector--Collections-Strategy---Performance_R260001372%3Fsource%3DSocial_Linkedin&urlhash=_uVX&isSdui=true,
"Senior Software Engineer, Localization",AeroVect,"Toronto, ON (Remote)","Posted on January 23, 2026, 3:08 PM
10 hours ago",,https://www.linkedin.com/redir/redirect/?url=https%3A%2F%2Fjobs%2Eashbyhq%2Ecom%2FAeroVect%2Fee9152b6-be36-44a3-a971-50a49a6ad21b%2Fapplication%3Futm_source%3DDg0eqxNkOy&urlhash=XMuh&isSdui=true,
Production Support Co-op - Enterprise Technology & Business Management ,CIBC,"Toronto, ON","Posted on January 23, 2026, 8:17 PM
5 hours ago",,https://www.linkedin.com/redir/redirect/?url=https%3A%2F%2Fcibc%2Ewd3%2Emyworkdayjobs%2Ecom%2Fcampus%2Fjob%2FToronto-ON%2FProduction-Support-Co-op---Enterprise-Technology---Business-Management_2602032-1%3Fsource%3DLinkedIn&urlhash=URFx&isSdui=true,
Inbound Product Manager ,ServiceNow,"Toronto, ON (Hybrid)","Posted on January 23, 2026, 5:42 PM
7 hours ago",,https://www.linkedin.com/redir/redirect/?url=https%3A%2F%2Fcareers%2Eservicenow%2Ecom%2Fjobs%2F744000105194662%2Finbound-product-manager%2F%3Ftrid%3D2d92f286-613b-4daf-9dfa-6340ffbecf73&urlhash=H7Th&isSdui=true,
"Product Group Leader (Director) Digital Application Solutions, Global Deloitte Technology ",Deloitte Canada,"Toronto, ON","Posted on January 23, 2026, 3:24 PM
10 hours ago",,https://www.linkedin.com/redir/redirect/?url=https%3A%2F%2Fcareers%2Edeloitte%2Eca%2Fjob%2FToronto%252C-ON-Product-Group-Leader-%2528Director%2529-Digital-Application-Solutions%252C-Global-Deloitte-Technology-ON-M5C-3G7%2F1358823300%2F%3Futm_source%3DLINKEDIN%26utm_medium%3Dreferrer%26%3Fsrc%3DJB-12762&urlhash=WEIW&isSdui=true,
Senior Data Engineer Consultant,Keyrus,"Toronto, ON (Hybrid)","Posted on January 23, 2026, 6:35 PM
6 hours ago",,https://www.linkedin.com/redir/redirect/?url=https%3A%2F%2Fjobsfr%2Ekeyrus%2Eca%2Fjobs%2F7108657-senior-data-engineer-consultant&urlhash=bEkw&isSdui=true,
"Senior Manager, CB Business Performance ",RBC,"Toronto, ON","Posted on January 23, 2026, 3:46 PM
9 hours ago",,https://www.linkedin.com/redir/redirect/?url=https%3A%2F%2Fjobs%2Erbc%2Ecom%2Fca%2Fen%2Fjob%2FRBCAA0088R0000155574EXTERNALENCA%2FSenior-Manager-CB-Business-Performance%3Futm_source%3DLinkedIn%26utm_medium%3Dphenom-feeds%26utm_campaign%3Drbc_linkedin&urlhash=B8Mw&isSdui=true,
"Sr Manager, Digital Offers Experience ",Rogers Communications Inc.,"Toronto, ON","Posted on January 23, 2026, 2:39 PM
10 hours ago",,https://www.linkedin.com/redir/redirect/?url=https%3A%2F%2Fjobs%2Erogers%2Ecom%2Fjob%2FToronto-Sr-Manager%252C-Digital-Offers-Experience-ON%2F1354340100%2F%3FfeedId%3D23200%26utm_source%3DLinkedInJobPostings%26utm_campaign%3DRogers_PremiumFeeds&urlhash=ubGx&isSdui=true,
"Analyste, Intelligence d?€?Affaires ",CBC/Radio Canada,"Toronto, ON (On-site)","Posted on January 23, 2026, 2:17 PM
11 hours ago",,https://www.linkedin.com/redir/redirect/?url=https%3A%2F%2Fcbcrc%2Ewd3%2Emyworkdayjobs%2Ecom%2Ffr-CA%2FCBC_Radio-Canada_Jobs%2Fjob%2FToronto-ON%2FBusiness-Intelligence-Analyst_JR00006640&urlhash=P_dN&isSdui=true,
"Senior Manager, Analytics & Experimentation // Gestionnaire senior, Analyse et exp??rimentation ",Mistplay Inc,"Toronto, ON (Hybrid)","Posted on January 23, 2026, 11:03 PM
2 hours ago",,https://www.linkedin.com/jobs/view/4365646253/apply/?openSDUIApplyFlow=true&refId=oh99P%2FKrGKxEmJs0VE3seg%3D%3D&trackingId=5Xhn4oBjVOBDlbL1qFyTrA%3D%3D&eBP=NOT_ELIGIBLE_FOR_CHARGING,
"Propri??taire de produit, IA agentique ",Rogers Communications Inc.,"Toronto, ON","Posted on January 23, 2026, 2:38 AM
22 hours ago",,https://www.linkedin.com/redir/redirect/?url=https%3A%2F%2Fjobs%2Erogers%2Ecom%2Fjob%2FToronto-Propri%25C3%25A9taire-de-produit%252C-IA-agentique-ON%2F1355460200%2F%3FfeedId%3D23200%26utm_source%3DLinkedInJobPostings%26utm_campaign%3DRogers_PremiumFeeds&urlhash=ITXF&isSdui=true,
